Date,time,title,segment,pred,neg,pos,neu,Index_Change,Percent_Change,Direction_Change,Open,Highest,Lowest,Closed,AVG,Adjusted_Closed,Volume,Company_Code
7/12/2022,7:40,Thêm ngân hàng giảm lãi suất cho khách hàng vay kinh doanh,thêm ngân_hàng giảm lãi_suất cho khách_hàng vay kinh_doanh,2,0.031923544,0.21586269,0.7522138,4.6,6.91%,+,69.2,71.2,68.5,71.2,70.62,71.2,9421500,VIC
6/12/2022,13:36,VIB: Phiếu lấy ý kiến cổ đông bằng văn bản,vib : phiếu lấy ý_kiến cổ_đông bằng văn_bản,2,0.06734054,0.044149548,0.8885099,-1.5,-2.20%,-,68.1,68.5,65,66.6,66.89,66.6,1803300,VIC
6/12/2022,13:36,"VIB: Đề cử, ứng cử HĐQT, BKS","vib : đề_cử , ứng_cử hđqt , bks",2,0.04558694,0.052211203,0.9022019,-1.5,-2.20%,-,68.1,68.5,65,66.6,66.89,66.6,1803300,VIC
5/12/2022,13:48,VIB: Vợ ông Trần Nhất Minh - Phó TGĐ đã bán 144.200 cp,vib : vợ ông trần_nhất_minh - phó tgđ đã bán 144.200 cp,0,0.98201203,0.004339589,0.013648418,-0.7,-1.02%,-,68.8,70,68,68.1,68.93,68.1,2301900,VIC
9/11/2022,17:04,VIB: Vợ ông Trần Nhất Minh - Phó TGĐ đã bán 60.000 cp,vib : vợ ông trần_nhất_minh - phó tgđ đã bán 60.000 cp,0,0.9829149,0.004229626,0.01285551,0.4,0.75%,+,53.3,54.3,52.2,53.7,53.53,53.7,1573900,VIC
9/11/2022,17:03,VIB: Công văn của NHNN v/v chấp thuận cho VIB thay đổi tên và địa điểm Chi nhánh Đồng Tháp,vib : công_văn của nhnn v / v chấp_thuận cho vib thay_đổi tên và địa_điểm chi_nhánh đồng_tháp,2,0.13376972,0.04365604,0.82257426,0.4,0.75%,+,53.3,54.3,52.2,53.7,53.53,53.7,1573900,VIC
9/11/2022,13:51,"VIB: Trích Nghị quyết HĐQT về ngày ĐKCC chốt DSCĐ để thực hiện quyền ứng cử, đề cử nhân sự","vib : trích_nghị quyết hđqt về ngày đkcc chốt dscđ để thực_hiện quyền ứng_cử , đề_cử nhân_sự",2,0.13937476,0.057531413,0.8030938,0.4,0.75%,+,53.3,54.3,52.2,53.7,53.53,53.7,1573900,VIC
7/11/2022,13:30,VIB nhận giải ngân khoản vay 150 triệu USD từ IFC,vib nhận giải_ngân khoản vay 150 triệu usd từ ifc,2,0.041345764,0.09446806,0.8641862,-0.9,-1.66%,-,54,54,51.7,53.4,53.02,53.4,1702500,VIC
4/11/2022,8:28,VIB và Lazada tặng loạt ưu đãi tiền triệu cho người dùng,vib và lazada tặng loạt ưu_đãi tiền triệu cho người dùng,1,0.005020553,0.97430634,0.020673094,-0.8,-1.45%,-,54.9,54.9,52.1,54.3,53.46,54.3,1617900,VIC
3/11/2022,17:28,VIB: Con ông Đỗ Xuân Hoàng - TV.HĐQT đã mua 4.000.000 cp,vib : con ông đỗ_xuân_hoàng - tv.hđqt đã mua 4.000.000 cp,2,0.03098523,0.39836508,0.5706496,-0.3,-0.54%,-,54.4,55.1,54.3,55.1,54.76,55.1,909700,VIC
3/11/2022,17:26,VIB: Bố ông Đỗ Xuân Hoàng - TV.HĐQT đã bán 4.000.000 cp,vib : bố ông đỗ_xuân_hoàng - tv.hđqt đã bán 4.000.000 cp,0,0.5993227,0.18097611,0.21970125,-0.3,-0.54%,-,54.4,55.1,54.3,55.1,54.76,55.1,909700,VIC
11/10/2022,8:00,VIB công bố KQKD 9 tháng năm 2022: Hiệu quả và an toàn vượt trội,vib công_bố kqkd 9 tháng năm 2022 : hiệu_quả và an_toàn vượt_trội,1,0.002006171,0.9919097,0.006084165,-0.2,-0.33%,-,58.3,60.1,56.7,60,58.83,60,4356800,VIC
7/10/2022,15:48,"VIB: 19.10.2022, ngày GDKHQ lấy ý kiến cổ đông bằng văn bản","vib : 19.10.2022 , ngày gdkhq lấy ý_kiến cổ_đông bằng văn_bản",2,0.07495203,0.047341432,0.8777065,0.1,0.17%,+,60.5,60.7,58.3,60.2,60,60.2,2987900,VIC
6/10/2022,7:54,Chi tiêu qua thẻ ghi nợ nhiều ưu đãi và tiện ích,chi_tiêu qua thẻ_ghi_nợ nhiều ưu_đãi và tiện_ích,1,0.001682993,0.9909581,0.007358825,0.1,0.17%,+,59.8,62,58.1,60.1,59.89,60.1,1011900,VIC
4/10/2022,13:30,VIB đến gần hơn với người trẻ qua The Masked Singer,vib đến gần hơn với người trẻ qua the_masked_singer,2,0.056385215,0.06431642,0.8792983,1.5,2.70%,+,56,57,54.6,57,56.09,57,1696700,VIC
7/9/2022,17:31,VIB: Công văn của NHNN chi nhánh Tỉnh Quảng Ngãi chấp thuận thay đổi địa điểm Chi nhánh Quảng Ngãi,vib : công_văn của nhnn chi_nhánh tỉnh quảng_ngãi chấp_thuận thay_đổi địa_điểm chi_nhánh quảng_ngãi,2,0.25170302,0.042234596,0.7060624,-0.8,-1.26%,-,63.3,63.4,62.5,62.5,62.82,62.5,1347400,VIC
5/9/2022,7:32,Những công nghệ nổi trội của Ngân hàng số MyVIB 2.0,những công_nghệ nổi_trội của ngân_hàng số myvib 2.0,1,0.004454308,0.97711426,0.018431403,0.3,0.47%,+,64.8,65.2,64,64,64.56,64,1610100,VIC
11/8/2022,9:23,VIB: Giấy chứng nhận đăng ký doanh nghiệp thay đổi lần thứ 37,vib : giấy chứng_nhận đăng_ký doanh_nghiệp thay_đổi lần thứ 37,0,0.77058977,0.033931796,0.19547845,1,1.54%,+,65.6,66.4,65,65.8,65.73,65.8,1674000,VIC
9/8/2022,16:59,VIB: Công văn của NHNN về việc chấp thuận thay địa điểm hoạt động Chi nhánh VIB Nhà Bè,vib : công_văn của nhnn về việc chấp_thuận thay địa_điểm hoạt_động chi_nhánh vib nhà_bè,2,0.29183894,0.036001448,0.67215955,0.7,1.08%,+,64.8,65.4,64.7,65.3,65.03,65.3,792000,VIC
8/8/2022,16:57,VIB: Công văn của NHNN chi nhánh TP.HCM chấp thuận thay đổi địa chỉ Chi nhánh và Phòng giao dịch,vib : công_văn của nhnn chi_nhánh tp. hcm chấp_thuận thay_đổi địa_chỉ chi_nhánh và phòng giao_dịch,2,0.06713489,0.04855373,0.8843114,-0.8,-1.22%,-,65.4,65.7,64.6,64.6,64.98,64.6,1010300,VIC
4/8/2022,17:47,VIB: Giải trình biến động LNST BCTC soát xét bán niên năm 2022 so với cùng kỳ năm trước,vib : giải_trình biến_động lnst bctc soát_xét bán niên năm 2022 so với cùng kỳ năm trước,2,0.046695217,0.054712288,0.8985925,0.4,0.61%,+,66,66.4,65.4,66.4,65.91,66.4,1146000,VIC
8/7/2022,17:47,VIB: Quyết định của NHNNVN v/v sửa đổi nội dung vốn điều lệ tại Giấy phép thành lập và hoạt động,vib : quyết_định của nhnnvn v / v sửa_đổi nội_dung vốn_điều_lệ tại giấy_phép thành_lập và hoạt_động,2,0.094237134,0.05407281,0.85169005,0.2,0.29%,+,70,70.7,67.5,70,68.9,70,1413800,VIC
6/7/2022,17:26,VIB: Giao dịch 554.529.952 cp niêm yết bổ sung,vib : giao_dịch 554.529.952 cp niêm_yết bổ_sung,2,0.029271074,0.12837616,0.84235275,-4.8,-6.64%,-,72,72.1,67.5,67.5,69.72,67.5,2171700,VIC
6/7/2022,17:20,"VIB: 8.7.2022, niêm yết bổ sung 554.529.952 cp","vib : 8.7.2022 , niêm_yết bổ_sung 554.529.952 cp",2,0.035966218,0.23255879,0.731475,-4.8,-6.64%,-,72,72.1,67.5,67.5,69.72,67.5,2171700,VIC
6/7/2022,16:55,VIB: TCông văn của NHNN về việc chấp thuận thay địa điểm hoạt động Chi nhánh Nhà Bè của VIB,vib : tcông văn của nhnn về việc chấp_thuận thay địa_điểm hoạt_động chi_nhánh nhà_bè của vib,2,0.170071,0.05947066,0.77045834,-4.8,-6.64%,-,72,72.1,67.5,67.5,69.72,67.5,2171700,VIC
10/6/2022,8:00,4 điều thú vị cha mẹ có thể tặng con hè này,4 điều thú_vị cha_mẹ có_thể tặng con hè này,1,0.001745801,0.9913078,0.006946482,-0.1,-0.13%,-,77.8,78.2,77.5,78,77.84,78,979600,VIC
8/6/2022,16:58,VIB: Quyết định thành lập chi nhánh VIB Nhà Bè,vib : quyết_định thành_lập chi_nhánh vib nhà_bè,2,0.0655277,0.046779484,0.8876928,0.1,0.13%,+,77.8,78.7,77.6,78.1,78.15,78.1,1441700,VIC
7/6/2022,17:30,"Chuyển nhượng tiền gửi chỉ trong vài phút, bạn đã thử?","chuyển_nhượng tiền gửi chỉ trong vài phút , bạn đã thử ?",1,0.014968144,0.8721513,0.11288053,-0.5,-0.64%,-,78.5,78.5,77.7,78,77.98,78,1612200,VIC
6/6/2022,13:30,Tặng ưu đãi trị giá đến 800.000 đồng cho người dùng MyVIB 2.0,tặng ưu_đãi trị_giá đến 800.000 đồng cho người dùng myvib 2.0,1,0.006072266,0.9654232,0.028504515,-0.3,-0.38%,-,78.7,78.9,77.9,78.5,78.34,78.5,1503500,VIC
2/6/2022,9:04,VIB: Làm rõ thông tin tại báo cáo kết quả phát hành,vib : làm rõ thông_tin tại báo_cáo kết_quả phát_hành,2,0.28843912,0.0383418,0.673219,-0.4,-0.50%,-,79.2,79.2,77.6,78.9,78.49,78.9,3905400,VIC
1/6/2022,15:58,VIB: Ông Ân Thanh Sơn - Phó TGĐ đã nhận thưởng 222.222 cp,vib : ông ân_thanh_sơn - phó tgđ đã nhận thưởng 222.222 cp,1,0.020187596,0.68821305,0.29159936,0.5,0.63%,+,78.6,79.4,78.3,79.3,78.89,79.3,2014200,VIC
1/6/2022,15:57,VIB: Ông Hàn Ngọc Vũ - TGĐ đã nhận thưởng 28.857 cp,vib : ông hàn_ngọc_vũ - tgđ đã nhận thưởng 28.857 cp,2,0.036325168,0.17355959,0.7901153,0.5,0.63%,+,78.6,79.4,78.3,79.3,78.89,79.3,2014200,VIC
1/6/2022,15:57,VIB: Ông Hồ Vân Long - Phó TGĐ đã nhận thưởng 193.365 cp,vib : ông hồ_vân_long - phó tgđ đã nhận thưởng 193.365 cp,2,0.046509277,0.084410444,0.8690803,0.5,0.63%,+,78.6,79.4,78.3,79.3,78.89,79.3,2014200,VIC
1/6/2022,15:56,VIB: Bà Phạm Thị Minh Huệ - Kế toán trưởng đã nhận 202.218 cp thưởng,vib : bà phạm_thị_minh_huệ - kế_toán_trưởng đã nhận 202.218 cp thưởng,0,0.9841188,0.004998227,0.010882994,0.5,0.63%,+,78.6,79.4,78.3,79.3,78.89,79.3,2014200,VIC
1/6/2022,15:54,VIB: Ông Trần Nhất Minh - Phó TGĐ đã nhận 217.365 cp thưởng,vib : ông trần_nhất_minh - phó tgđ đã nhận 217.365 cp thưởng,1,0.021423507,0.565337,0.41323954,0.5,0.63%,+,78.6,79.4,78.3,79.3,78.89,79.3,2014200,VIC
1/6/2022,15:53,VIB: Đại diện cho cán bộ nhân viên VIB đề nghị lưu ký cổ phiếu tại VSD,vib : đại_diện cho cán_bộ nhân_viên vib đề_nghị lưu ký cổ_phiếu tại vsd,0,0.5756477,0.02841367,0.39593863,0.5,0.63%,+,78.6,79.4,78.3,79.3,78.89,79.3,2014200,VIC
1/6/2022,15:46,VIB: Quyết định của HĐQT v/v xử lý cổ phần lẻ phát sinh trong đợt chia cổ phiếu thưởng cho CĐHH,vib : quyết_định của hđqt v / v xử_lý cổ_phần lẻ phát_sinh trong đợt chia cổ_phiếu thưởng cho cđhh,2,0.064513564,0.052972954,0.88251346,0.5,0.63%,+,78.6,79.4,78.3,79.3,78.89,79.3,2014200,VIC
10/5/2022,17:40,VIB: Phát hành cổ phiếu theo chương trình lựa chọn cho người lao động trong công ty,vib : phát_hành cổ_phiếu theo chương_trình lựa_chọn cho người lao_động trong công_ty,2,0.03750612,0.07752931,0.8849645,1.3,1.64%,+,78.9,80.4,78.1,80.4,79.09,80.4,3157900,VIC
10/5/2022,17:25,VIB: Công văn của NHNN về việc chấp thuận thay địa điểm đặt trụ sở Chi nhánh VIB Hải Phòng,vib : công_văn của nhnn về việc chấp_thuận thay địa_điểm đặt trụ_sở chi_nhánh vib hải_phòng,2,0.08950359,0.044311494,0.86618495,1.3,1.64%,+,78.9,80.4,78.1,80.4,79.09,80.4,3157900,VIC
9/5/2022,17:45,"VIB: 13.5.2022, ngày GDKHQ nhận cổ phiếu thưởng (tỷ lệ 100:35)","vib : 13.5.2022 , ngày gdkhq nhận cổ_phiếu thưởng ( tỷ_lệ 1 00:3 5 )",2,0.037835114,0.26888275,0.69328207,-0.7,-0.88%,-,78.7,79.2,77.9,79.1,78.71,79.1,2428900,VIC
9/5/2022,13:28,VIB: Khai trương chi nhánh VIB Bình Chánh,vib : khai_trương chi_nhánh vib bình_chánh,2,0.03454388,0.06970508,0.895751,-0.7,-0.88%,-,78.7,79.2,77.9,79.1,78.71,79.1,2428900,VIC
9/5/2022,13:20,"Moody's: Lợi nhuận ngân hàng Việt Nam tăng trưởng bất chấp đại dịch, sẽ cải thiện hơn nữa trong năm 2022","moody ' s : lợi_nhuận ngân_hàng việt_nam tăng_trưởng bất_chấp đại_dịch , sẽ cải_thiện hơn_nữa trong năm 2022",1,0.00247581,0.9911776,0.006346613,-0.7,-0.88%,-,78.7,79.2,77.9,79.1,78.71,79.1,2428900,VIC
5/5/2022,14:09,5 lý do người trẻ nên có ít nhất 1 chiếc thẻ tín dụng trong ví,5 lý_do người trẻ nên có ít_nhất 1 chiếc thẻ_tín_dụng trong ví,2,0.051737566,0.38088247,0.56737995,0.3,0.38%,+,79.6,80,78.5,80,79.57,80,1858600,VIC
4/5/2022,16:30,VIB: Vợ ông Đặng Văn Sơn - Phó CT.HĐQT đã bán 2.315.600 cp,vib : vợ ông đặng_văn_sơn - phó ct.hđqt đã bán 2.315.600 cp,2,0.068666294,0.057513766,0.8738199,-0.3,-0.38%,-,79.6,80,77.7,79.7,79.15,79.7,1466000,VIC
8/4/2022,17:51,VIB: Ông Trần Nhất Minh - Phó TGĐ đã mua 800.000 cp,vib : ông trần_nhất_minh - phó tgđ đã mua 800.000 cp,0,0.97570395,0.005300388,0.018995682,2.2,2.77%,+,80,82.4,80,81.7,81.41,81.7,5391024,VIC
8/4/2022,14:36,Bạn đồng hành đắc lực để cha mẹ giúp con vững bước tới tương lai,bạn đồng_hành đắc_lực để cha_mẹ giúp con vững bước tới tương_lai,1,0.00326163,0.97647095,0.02026739,2.2,2.77%,+,80,82.4,80,81.7,81.41,81.7,5391024,VIC
7/4/2022,11:20,"Cổ phiếu ngân hàng đỡ thị trường, vốn hóa VPBank vượt Techcombank","cổ_phiếu ngân_hàng đỡ thị_trường , vốn hoá vpbank vượt techcombank",1,0.004856618,0.932052,0.06309142,-1,-1.24%,-,80.2,80.3,77.6,79.5,78.69,79.5,3764800,VIC
6/4/2022,9:20,Gửi tiết kiệm online: Tạo thói quen giao dịch tài chính thông minh,gửi tiết_kiệm online : tạo thói_quen giao_dịch tài_chính thông_minh,1,0.007010231,0.96732795,0.025661832,-1.8,-2.19%,-,80.5,82.3,79.5,80.5,80.4,80.5,5679100,VIC
11/3/2022,13:08,Những điều chưa được bật mí từ dòng thẻ VIB Online Plus 2in1,những điều chưa được bật_mí từ dòng thẻ vib online_plus 2in1,1,0.003715844,0.9867547,0.009529512,-0.1,-0.13%,-,78.8,79,77.8,79,78.37,79,2222400,VIC
11/3/2022,9:06,"Cách nhận ưu đãi quanh năm đến 30% chi tiêu ẩm thực, mua sắm, du lịch","cách nhận ưu_đãi quanh_năm đến 30% chi_tiêu ẩm_thực , mua_sắm , du_lịch",1,0.001859129,0.99223924,0.005901631,-0.1,-0.13%,-,78.8,79,77.8,79,78.37,79,2222400,VIC
3/3/2022,16:49,"Nhiều cổ phiếu ngân hàng ''quay xe'' tăng vọt phiên chiều 3/3, khối ngoại nhanh tay vào bắt đáy","nhiều cổ_phiếu ngân_hàng ' ' quay xe ' ' tăng vọt phiên chiều 3/3 , khối ngoại nhanh tay vào bắt đáy",1,0.005039266,0.93625146,0.058709234,0.1,0.13%,+,78.9,80.4,78.3,79,79.27,79,2610400,VIC
3/3/2022,10:51,"Giữa lúc cổ phiếu ngân hàng đỏ lửa, Sếp VIB đăng ký mua vào 800.000 cổ phiếu","giữa lúc cổ_phiếu ngân_hàng đỏ_lửa , sếp_vib đăng_ký mua vào 800.000 cổ_phiếu",2,0.03233612,0.1540056,0.8136583,0.1,0.13%,+,78.9,80.4,78.3,79,79.27,79,2610400,VIC
2/3/2022,16:03,VIB: Ông Trần Nhất Minh - Phó TGĐ đăng ký mua 800.000 cp,vib : ông trần_nhất_minh - phó tgđ đăng_ký mua 800.000 cp,0,0.97659427,0.005009297,0.018396376,-0.3,-0.38%,-,79.2,79.2,77.2,78.9,78.34,78.9,2401000,VIC
2/3/2022,14:03,Du lịch mùa dịch thêm an toàn nhờ VIB,du_lịch mùa dịch thêm an_toàn nhờ vib,1,0.003184018,0.97785884,0.018957132,-0.3,-0.38%,-,79.2,79.2,77.2,78.9,78.34,78.9,2401000,VIC
2/3/2022,10:41,VIB: Ông Lê Quang Trung thôi làm Phó TGĐ từ 1.3.2022,vib : ông lê_quang_trung thôi làm phó tgđ từ 1.3.2022,0,0.98211205,0.004258822,0.013629125,-0.3,-0.38%,-,79.2,79.2,77.2,78.9,78.34,78.9,2401000,VIC
11/2/2022,17:00,VIB: Giấy chứng nhận đăng ký doanh nghiệp thay đổi lần thứ 36,vib : giấy chứng_nhận đăng_ký doanh_nghiệp thay_đổi lần thứ 36,2,0.3878655,0.06437998,0.54775447,-2.3,-2.74%,-,83,83.6,81.5,81.7,82.13,81.7,7846400,VIC
11/2/2022,8:00,"Bán lẻ thuộc top đầu ngành, VIB tiếp tục bứt phá với số hóa","bán_lẻ thuộc top đầu ngành , vib tiếp_tục bứt_phá với số_hoá",1,0.003160694,0.9718275,0.025011813,-2.3,-2.74%,-,83,83.6,81.5,81.7,82.13,81.7,7846400,VIC
10/2/2022,8:00,Mẹo gửi tiết kiệm hiệu quả,mẹo gửi tiết_kiệm hiệu_quả,1,0.009649354,0.9194207,0.0709299,-1.7,-1.98%,-,85.7,86,81.7,84,83.49,84,11088500,VIC
9/2/2022,17:07,VIB: Ông Lê Quang Trung - Phó TGĐ đã bán 400.000 cp,vib : ông lê_quang_trung - phó tgđ đã bán 400.000 cp,0,0.98744315,0.003886199,0.008670691,-1.6,-1.83%,-,87.6,88.7,84.9,85.7,86.49,85.7,8812500,VIC
8/2/2022,15:02,Vì sao khối ngoại tích cực ''gom'' cổ phiếu ngân hàng trong những ngày đầu năm?,vì sao khối ngoại tích_cực ' ' gom ' ' cổ_phiếu ngân_hàng trong những ngày đầu năm ?,1,0.011851053,0.65780973,0.3303392,-3.9,-4.28%,-,91.3,92.3,86.7,87.3,88.37,87.3,8030899,VIC
8/2/2022,13:30,Tạp chí NCĐT: VIB dẫn đầu ngành ngân hàng trong TOP50,tạp_chí ncđt : vib dẫn_đầu ngành ngân_hàng trong top50,1,0.01916382,0.73509705,0.24573912,-3.9,-4.28%,-,91.3,92.3,86.7,87.3,88.37,87.3,8030899,VIC
8/2/2022,11:06,"Phó Tổng Giám đốc VIB bán xong gần 1,4 triệu cổ phiếu","phó tổng_giám_đốc vib bán xong gần 1,4 triệu cổ_phiếu",2,0.036360282,0.108176164,0.85546356,-3.9,-4.28%,-,91.3,92.3,86.7,87.3,88.37,87.3,8030899,VIC
7/2/2022,14:28,VIB: Ông Ân Thanh Sơn - Phó TGĐ đã bán 1.368.900 cp,vib : ông ân_thanh_sơn - phó tgđ đã bán 1.368.900 cp,0,0.97516805,0.005660598,0.019171365,-5.8,-5.98%,-,96.4,97.5,91.2,91.2,94.25,91.2,7453400,VIC
12/1/2022,16:50,"Dự báo lợi nhuận quý 4: MB, Techcombank và BIDV tăng mạnh, ACB, Vietcombank và VietinBank sụt giảm","dự_báo lợi_nhuận quý 4 : mb , techcombank và bidv tăng mạnh , acb , vietcombank và vietinbank sụt_giảm",2,0.047851667,0.11149766,0.84065074,-0.2,-0.20%,-,101.5,101.5,98,100.8,99.91,100.8,2338500,VIC
7/1/2022,15:18,VIB: Ông Lê Quang Trung - Phó TGĐ đăng ký bán 400.000 cp,vib : ông lê_quang_trung - phó tgđ đăng_ký bán 400.000 cp,0,0.98724896,0.00378966,0.008961323,-2.3,-2.20%,-,106.4,106.4,102.2,102.2,103.43,102.2,3128837,VIC
8/12/2021,8:49,"Mở tài khoản VIB Digi, sở hữu số riêng đúng ý","mở tài_khoản vib digi , sở_hữu số riêng đúng ý",1,0.007647688,0.9203757,0.07197656,-0.8,-0.75%,-,106.5,107,103.5,105.9,105.08,105.9,3639500,VIC
5/11/2021,13:30,VIB kỳ vọng bứt phá tăng trưởng trong quý 4,vib kỳ_vọng bứt_phá tăng_trưởng trong quý 4,1,0.003125365,0.97238445,0.024490211,0,0.00%,0,94.5,95,94,95,94.59,95,1870100,VIC
5/11/2021,6:48,Đã có hơn 50 doanh nghiệp trên sàn chứng khoán báo lãi vượt nghìn tỷ sau 3 quý,đã có hơn 50 doanh_nghiệp trên sàn chứng_khoán báo lãi vượt nghìn tỷ sau 3 quý,1,0.003692622,0.96097285,0.035334513,0,0.00%,0,94.5,95,94,95,94.59,95,1870100,VIC
3/11/2021,7:18,Covid-19 thúc đẩy trào lưu buy now pay later,covid-19 thúc_đẩy trào_lưu buy now pay later,1,0.010590316,0.9625182,0.02689158,-0.5,-0.52%,-,95.8,95.8,93.9,95.3,94.81,95.3,3568200,VIC
12/10/2021,20:23,VIB: Báo cáo tình hình quản trị công ty 6 tháng đầu năm 2021 (bản cập nhật),vib : báo_cáo tình_hình quản_trị công_ty 6 tháng đầu năm 2021 ( bản cập_nhật ),2,0.03207688,0.09237287,0.8755502,1,1.09%,+,92,93,92,92.9,92.59,92.9,2688700,VIC
12/10/2021,9:52,VIB: Nghị quyết HĐQT v/v hủy ngày ĐKCC và chốt lại danh sách cổ đông thực hiện tăng VĐL,vib : nghị_quyết hđqt v / v huỷ ngày đkcc và chốt lại danh_sách cổ_đông thực_hiện tăng vđl,0,0.48258933,0.04554036,0.47187036,1,1.09%,+,92,93,92,92.9,92.59,92.9,2688700,VIC
8/10/2021,16:32,Dự báo lợi nhuận quý III của 8 ngân hàng,dự_báo lợi_nhuận quý iii của 8 ngân_hàng,2,0.02069275,0.22325957,0.75604767,0.5,0.56%,+,89,89.5,88.8,89.3,89.21,89.3,1298500,VIC
4/10/2021,13:30,Bạn đồng hành đắc lực để chuẩn bị hành trang tương lai cho con,bạn đồng_hành đắc_lực để chuẩn_bị hành_trang tương_lai cho con,1,0.001994801,0.98464257,0.013362587,0.1,0.11%,+,87.6,88,87.1,87.8,87.56,87.8,1565200,VIC
4/10/2021,10:03,"VIB: 12.10.2021, ngày GDKHQ lấy ý kiến cổ đông bằng văn bản","vib : 12.10.2021 , ngày gdkhq lấy ý_kiến cổ_đông bằng văn_bản",2,0.06143043,0.049603183,0.88896644,0.1,0.11%,+,87.6,88,87.1,87.8,87.56,87.8,1565200,VIC
9/9/2021,14:57,VIB: Giấy chứng nhận đăng ký doanh nghiệp thay đổi lần thứ 35,vib : giấy chứng_nhận đăng_ký doanh_nghiệp thay_đổi lần thứ 35,0,0.67382896,0.038524278,0.28764677,-0.7,-0.76%,-,92.2,92.4,91.3,91.3,91.52,91.3,2846600,VIC
8/9/2021,13:30,VIB lập cú đúp giải thưởng quốc tế về thẻ tín dụng,vib lập cú đúp giải_thưởng quốc_tế về thẻ_tín_dụng,1,0.019508025,0.837643,0.14284895,-1.9,-2.02%,-,94,94.3,92,92,92.82,92,2629700,VIC
1/9/2021,9:08,5 lưu ý khi chuẩn bị cho con nhập học mùa dịch,5 lưu_ý khi chuẩn_bị cho con nhập_học mùa dịch,2,0.122045554,0.15976217,0.7181923,0,0.00%,0,94.1,95,94.1,94.1,94.44,94.1,1303100,VIC
5/8/2021,10:53,VIB Mừng sinh nhật vàng – Vạn quà tri ân,vib mừng sinh_nhật vàng – vạn quà tri_ân,1,0.001740862,0.9925569,0.005702143,0,0.00%,0,113.7,115,112.9,114,114.21,101.33,2049200,VIC
4/8/2021,6:42,Hàng chục doanh nghiệp báo lãi nghìn tỷ chỉ sau nửa đầu năm 2021,hàng chục doanh_nghiệp báo lãi nghìn tỷ chỉ sau nửa đầu năm 2021,1,0.00371561,0.9666058,0.02967859,-0.5,-0.44%,-,115.5,116.4,114,114,115.14,101.33,3681600,VIC
3/8/2021,8:00,Các nhà phân tích đánh giá cao các trao đổi của VIB trong buổi công bố KQKD Q2.2021,các nhà_phân_tích đánh_giá cao các trao_đổi của vib trong buổi công_bố kqkd q 2.2021,1,0.01129136,0.714848,0.27386063,7,6.51%,+,109.4,115,109,114.5,113.39,101.78,7293100,VIC
2/8/2021,15:05,VIB: Bổ nhiệm ông Nguyễn Hoàng Hải làm Giám đốc khối Ngân hàng bán lẻ từ 2.8.2021,vib : bổ_nhiệm ông nguyễn_hoàng_hải làm giám_đốc khối ngân_hàng bán_lẻ từ 2.8.2021,2,0.03645762,0.104922846,0.8586195,0.3,0.28%,+,107.5,109.6,106.9,107.5,108.22,95.56,1682400,VIC
9/7/2021,17:07,VIB: Bố bà Trần Thị Thu Hương - Giám đốc đăng ký bán 3.000.000 cp,vib : bố bà trần_thị_thu_hương - giám_đốc đăng_ký bán 3.000.000 cp,0,0.9768091,0.005109415,0.018081497,-2.4,-2.16%,-,110.8,111,107.5,108.6,109.14,96.53,1787900,VIC
8/7/2021,13:29,Dự báo lợi nhuận 9 ngân hàng,dự_báo lợi_nhuận 9 ngân_hàng,2,0.022338243,0.17100325,0.8066585,-3,-2.63%,-,113,113,110.5,111,111.32,98.67,1480900,VIC
7/7/2021,9:25,VIB: Vợ ông Đặng Văn Sơn - Phó CT.HĐQT đã mua 1.735.468 cp,vib : vợ ông đặng_văn_sơn - phó ct.hđqt đã mua 1.735.468 cp,2,0.025393993,0.12893113,0.84567493,2,1.79%,+,112,114,110,114,112.13,101.33,2507000,VIC
6/7/2021,15:25,VIB: Ông Nguyễn Xuân Dũng - Giám đốc khối Khách hàng Doanh nghiệp đăng ký bán 200.000 cp,vib : ông nguyễn_xuân_dũng - giám_đốc khối khách_hàng doanh_nghiệp đăng_ký bán 200.000 cp,2,0.053987633,0.06884029,0.87717205,-3,-2.61%,-,115,116,112,112,114.08,99.56,3394600,VIC
11/6/2021,17:29,VIB: Em rể ông Hàn Ngọc Vũ - TGĐ đăng ký bán 1.073.235 cp,vib : em rể ông hàn_ngọc_vũ - tgđ đăng_ký bán 1.073.235 cp,2,0.47753066,0.034484975,0.4879844,1.5,1.29%,+,117,118,116.3,118,117.12,104.89,1729000,VIC
11/6/2021,17:29,VIB: Chị dâu ông Đặng Văn Sơn - Phó CT.HĐQT đã bán 5.735.468 cp,vib : chị dâu ông đặng_văn_sơn - phó ct.hđqt đã bán 5.735.468 cp,2,0.22744925,0.047055013,0.7254957,1.5,1.29%,+,117,118,116.3,118,117.12,104.89,1729000,VIC
11/6/2021,12:49,Mua sắm online an toàn và hiệu quả với thẻ thanh toán,mua_sắm online an_toàn và hiệu_quả với thẻ_thanh_toán,1,0.001545202,0.9879788,0.010476007,1.5,1.29%,+,117,118,116.3,118,117.12,104.89,1729000,VIC
10/6/2021,17:41,VIB: Ông Tăng Hoàng Quốc Thái - Giám đốc đã mua 5.000 cp,vib : ông tăng_hoàng_quốc_thái - giám_đốc đã mua 5.000 cp,2,0.12210078,0.06880356,0.8090956,-2.3,-1.94%,-,118.5,119.2,116.5,116.5,117.71,103.56,2949000,VIC
9/6/2021,17:48,VIB: Bố vợ ông Hồ Vân Long - Phó TGĐ đã bán 1.376.580 cp,vib : bố vợ ông hồ_vân_long - phó tgđ đã bán 1.376.580 cp,0,0.9827221,0.004390975,0.012886888,-1,-0.83%,-,120,121,117,118.8,119.27,105.6,2013300,VIC
9/6/2021,13:30,Cách mở thẻ tín dụng trực tuyến có ngay hạn mức mua sắm,cách mở thẻ_tín_dụng trực_tuyến có ngay hạn_mức mua_sắm,1,0.005195476,0.97374314,0.02106146,-1,-0.83%,-,120,121,117,118.8,119.27,105.6,2013300,VIC
7/6/2021,14:06,"Uniben đã bán xong 3 triệu cổ phiếu VIB, ước tính thu về hàng trăm tỷ đồng","uniben đã bán xong 3 triệu cổ_phiếu vib , ước_tính thu về hàng trăm tỷ đồng",1,0.012966616,0.73975676,0.24727665,2,1.65%,+,122.8,126.5,122,123,124.13,109.33,3681800,VIC
7/6/2021,13:30,VIB cùng ngành Ngân hàng đóng góp vào Quỹ vắc-xin phòng Covid-19,vib cùng ngành ngân_hàng đóng_góp vào quỹ vắc-xin phòng covid-19,2,0.06490845,0.23748083,0.6976107,2,1.65%,+,122.8,126.5,122,123,124.13,109.33,3681800,VIC
7/6/2021,7:49,"Điểm danh những doanh nghiệp chốt quyền nhận cổ tức bằng tiền, bằng cổ phiếu và cổ phiếu thưởng tuần từ 7/6-11/6","điểm_danh những doanh_nghiệp chốt quyền nhận cổ_tức bằng tiền , bằng cổ_phiếu và cổ_phiếu thưởng tuần từ 7/6-11/6",2,0.022592671,0.21435872,0.76304865,2,1.65%,+,122.8,126.5,122,123,124.13,109.33,3681800,VIC
4/6/2021,11:05,"Liên tục 'lướt sóng', vợ Phó Chủ tịch VIB đăng ký mua 2 triệu cổ phiếu sau khi vừa bán ra 8,5 triệu cổ phiếu","liên_tục ' lướt_sóng ' , vợ phó chủ_tịch vib đăng_ký mua 2 triệu cổ_phiếu sau khi vừa bán ra 8,5 triệu cổ_phiếu",1,0.00833282,0.82302123,0.1686459,2.5,2.11%,+,118.5,121,118.5,121,120.09,107.56,3689200,VIC
4/6/2021,9:33,"VIB: 9.6.2021, ngày GDKHQ thực hiện quyền nhận cp thưởng từ nguồn vốn CSH (tỷ lệ 40%)","vib : 9.6.2021 , ngày gdkhq thực_hiện quyền nhận cp thưởng từ nguồn vốn csh ( tỷ_lệ 40% )",2,0.0363602,0.10584828,0.8577915,2.5,2.11%,+,118.5,121,118.5,121,120.09,107.56,3689200,VIC
3/6/2021,17:52,Vợ Phó Chủ tịch VIB đăng ký mua 2 triệu cổ phiếu,vợ phó chủ_tịch vib đăng_ký mua 2 triệu cổ_phiếu,2,0.0246778,0.22074261,0.75457954,1,0.85%,+,118,118.8,117,118.5,117.76,105.33,2611300,VIC
3/6/2021,17:04,VIB: Vợ ông Đặng Văn Sơn - Phó CT.HĐQT đăng ký mua 2.000.000 cp,vib : vợ ông đặng_văn_sơn - phó ct.hđqt đăng_ký mua 2.000.000 cp,2,0.029546324,0.07406914,0.8963846,1,0.85%,+,118,118.8,117,118.5,117.76,105.33,2611300,VIC
3/6/2021,13:30,VIB dẫn đầu xu thế thẻ bằng nỗ lực sáng tạo không ngừng,vib dẫn_đầu xu_thế thẻ bằng nỗ_lực sáng_tạo không ngừng,1,0.005841256,0.9721788,0.021980006,1,0.85%,+,118,118.8,117,118.5,117.76,105.33,2611300,VIC
2/6/2021,14:45,VIB: Vợ ông Hồ Vân Long - Phó TGĐ đã bán 4.503.600 cp,vib : vợ ông hồ_vân_long - phó tgđ đã bán 4.503.600 cp,0,0.9851575,0.004028372,0.01081406,-2.5,-2.08%,-,120.2,121.9,117,117.5,119.83,104.44,3130600,VIC
2/6/2021,13:49,Thanh toán không tiền mặt - giải pháp vượt trội mùa dịch,thanh_toán không tiền_mặt - giải_pháp vượt_trội mùa dịch,1,0.004682215,0.97426265,0.021055073,-2.5,-2.08%,-,120.2,121.9,117,117.5,119.83,104.44,3130600,VIC
12/5/2021,8:40,"Câu lạc bộ lãi nghìn tỷ quý 1 đã gọi tên 22 doanh nghiệp, vị trí quán quân đã đổi chủ","câu_lạc_bộ lãi nghìn tỷ quý 1 đã gọi tên 22 doanh_nghiệp , vị_trí quán_quân đã đổi chủ",1,0.003392354,0.97273254,0.023875102,-1.2,-0.92%,-,130,132,128,129.8,129.13,115.38,1440400,VIC
11/5/2021,9:27,Hai cổ phiếu ngân hàng LPB và VIB đủ điều kiện được cấp margin,hai cổ_phiếu ngân_hàng lpb và vib đủ điều_kiện được cấp margin,2,0.026892086,0.0921076,0.8810003,-1.5,-1.13%,-,132.5,133.4,130.5,131,132.25,116.44,1164200,VIC
10/5/2021,13:30,Thẻ Online Plus 2in1 thúc đẩy đổi mới hệ sinh thái thanh toán,thẻ_online_plus 2in1 thúc_đẩy đổi_mới hệ_sinh_thái thanh_toán,1,0.002387443,0.9911742,0.006438315,0.5,0.38%,+,132,132.5,129.1,132.5,130.95,117.78,1099300,VIC
10/5/2021,10:29,VIB: Chị dâu ông Đặng Văn Sơn - Phó CT.HĐQT đăng ký bán 7.618.468 cp,vib : chị dâu ông đặng_văn_sơn - phó ct.hđqt đăng_ký bán 7.618.468 cp,2,0.07443952,0.04516137,0.8803991,0.5,0.38%,+,132,132.5,129.1,132.5,130.95,117.78,1099300,VIC
7/5/2021,14:38,VIB: Công văn của NHNN v/v chấp thuận tăng vốn điều lệ của VIB,vib : công_văn của nhnn v / v chấp_thuận tăng vốn_điều_lệ của vib,2,0.06411076,0.05728458,0.87860465,-0.5,-0.38%,-,132,132,128.5,132,130.49,117.33,1769100,VIC
6/5/2021,8:01,MV của VIB Online Plus 2in1 càn quét top trending âm nhạc,mv của vib online_plus 2in1 càn_quét top trending âm_nhạc,1,0.00217253,0.9922316,0.005595815,-1.2,-0.90%,-,133.7,134,131,132.5,133,117.78,1064200,VIC
12/4/2021,10:47,VIB: Nghị quyết HĐQT v/v tăng vốn điều lệ từ NVCSH,vib : nghị_quyết hđqt v / v tăng vốn_điều_lệ từ nvcsh,2,0.04257566,0.058941714,0.8984827,7.1,5.68%,+,124.9,132.8,123.4,132,128.74,117.33,4481900,VIC
5/3/2021,15:26,VIB: Vợ ông Hồ Vân Long - Phó TGĐ đã mua 956.400 cp,vib : vợ ông hồ_vân_long - phó tgđ đã mua 956.400 cp,0,0.9806687,0.004909728,0.014421462,-0.6,-0.56%,-,106.9,107.5,105.8,106.3,106.71,94.49,1294800,VIC
3/2/2021,16:16,VIB: Công văn của NHNN v/v chấp thuận thay đổi tên gọi và địa điểm hoạt động của VIB Chi nhánh Quận 5,vib : công_văn của nhnn v / v chấp_thuận thay_đổi tên gọi và địa_điểm hoạt_động của vib chi_nhánh quận 5,2,0.12693277,0.06282661,0.81024057,1.6,1.51%,+,105,108,105,107.5,107.15,95.56,1698900,VIC
3/2/2021,10:06,VIB: Giải trình chênh lệch lợi nhuận sau thuế tại BCTC kiểm toán năm 2020,vib : giải_trình chênh_lệch lợi_nhuận sau thuế tại bctc kiểm_toán năm 2020,2,0.042407773,0.05949306,0.8980991,1.6,1.51%,+,105,108,105,107.5,107.15,95.56,1698900,VIC
3/2/2021,10:06,VIB: Công văn của NHNN về việc chấp thuận thay địa điểm trụ sở chi nhánh của VIB,vib : công_văn của nhnn về việc chấp_thuận thay địa_điểm trụ_sở chi_nhánh của vib,2,0.42169657,0.03478379,0.5435196,1.6,1.51%,+,105,108,105,107.5,107.15,95.56,1698900,VIC
3/2/2021,10:02,VIB: Vợ ông Hồ Vân Long - Phó TGĐ đăng ký mua 1.500.000 cp,vib : vợ ông hồ_vân_long - phó tgđ đăng_ký mua 1.500.000 cp,0,0.9647158,0.007486385,0.02779782,1.6,1.51%,+,105,108,105,107.5,107.15,95.56,1698900,VIC
2/2/2021,9:37,Người nhà sếp VIB và Techcombank giao dịch lượng lớn cổ phiếu,người_nhà sếp vib và techcombank giao_dịch lượng lớn cổ_phiếu,2,0.025196576,0.15825173,0.8165517,6.9,6.97%,+,99,105.9,99,105.9,103.99,94.13,1885000,VIC
1/2/2021,17:07,VIB: Con ông Đỗ Xuân Hoàng - TV.HĐQT đã mua 1.500.000 cp,vib : con ông đỗ_xuân_hoàng - tv.hđqt đã mua 1.500.000 cp,1,0.01785462,0.78740084,0.19474454,-0.4,-0.40%,-,99.4,103,98.8,99,101.15,88,1718300,VIC
1/2/2021,17:07,VIB: Con ông Đỗ Xuân Hoàng - TV.HĐQT đã mua 1.000.000 cp,vib : con ông đỗ_xuân_hoàng - tv.hđqt đã mua 1.000.000 cp,1,0.033326436,0.5041648,0.46250877,-0.4,-0.40%,-,99.4,103,98.8,99,101.15,88,1718300,VIC
4/1/2021,16:37,VIB: Mẹ bà Trần Thị Thu Hương - Giám đốc khối Ngân hàng bán lẻ đã mua 4.000.000 cp,vib : mẹ bà trần_thị_thu_hương - giám_đốc khối ngân_hàng bán_lẻ đã mua 4.000.000 cp,0,0.962319,0.00790472,0.029776275,-0.2,-0.18%,-,108.5,109,106.5,108,108.52,96,991100,VIC
4/1/2021,13:28,VIB: Bố bà Trần Thị Thu Hương - Giám đốc đã mua 1.000.000 cp,vib : bố bà trần_thị_thu_hương - giám_đốc đã mua 1.000.000 cp,0,0.9746106,0.005788343,0.019601109,-0.2,-0.18%,-,108.5,109,106.5,108,108.52,96,991100,VIC
8/12/2020,7:19,VIB: Công văn của NHNN về việc chấp thuận thay địa điểm hoạt động Phòng giao dịch Nguyễn Oanh,vib : công_văn của nhnn về việc chấp_thuận thay địa_điểm hoạt_động phòng giao_dịch nguyễn_oanh,0,0.9862111,0.003675442,0.010113436,-0.8,-0.76%,-,105.8,105.8,104.8,105,105.17,93.33,747280,VIC
1/12/2020,3:52,VIB: Công văn của NHNN v/v chấp thuận thay địa điểm hoạt động Phòng giao dịch Nguyễn Oanh,vib : công_văn của nhnn v / v chấp_thuận thay địa_điểm hoạt_động phòng giao_dịch nguyễn_oanh,0,0.9863848,0.003719651,0.009895586,1.1,1.06%,+,103,105,102.8,105,103.58,93.33,953230,VIC
11/11/2020,11:12,VIB: Vợ ông Hoàng Linh - Giám đốc tài chính đã mua 2.400.000 cp,vib : vợ ông hoàng_linh - giám_đốc tài_chính đã mua 2.400.000 cp,2,0.026548322,0.15873148,0.8147202,0.2,0.19%,+,105.6,106,103,105.8,104.71,94.04,1032780,VIC
11/11/2020,9:45,"VIB: Công văn của NHNN v/v chấp thuận thay đổ tên gọi, địa điểm hoạt động chi nhánh Hòa Phú","vib : công_văn của nhnn v / v chấp_thuận thay đổ tên gọi , địa_điểm hoạt_động chi_nhánh hoà_phú",2,0.041771293,0.05513726,0.9030915,0.2,0.19%,+,105.6,106,103,105.8,104.71,94.04,1032780,VIC
11/11/2020,9:42,VIB: Quyết định của HĐQT về ngày ĐKCC chốt danh sách cổ đông để hưởng quyền nhận cổ phiếu thưởng,vib : quyết_định của hđqt về ngày đkcc chốt danh_sách cổ_đông để hưởng quyền nhận cổ_phiếu thưởng,2,0.03184932,0.08350107,0.88464963,0.2,0.19%,+,105.6,106,103,105.8,104.71,94.04,1032780,VIC
11/11/2020,9:36,VIB: Vợ ông Hồ Vân Long - Phó TGĐ đã mua 2.956.000 cp,vib : vợ ông hồ_vân_long - phó tgđ đã mua 2.956.000 cp,0,0.98086977,0.004880257,0.014249973,0.2,0.19%,+,105.6,106,103,105.8,104.71,94.04,1032780,VIC
9/11/2020,11:25,VIB chốt quyền nhận cổ phiếu thưởng tỷ lệ 20%,vib chốt quyền nhận cổ_phiếu thưởng tỷ_lệ 20%,2,0.022830965,0.17418365,0.8029854,1,0.95%,+,105.1,106.2,104.7,106.1,105.77,94.31,803680,VIC
9/11/2020,8:24,"Đừng quên dành tiền cho tuần mới, có 1,9 tỷ cổ phiếu mới sẽ chào sàn HoSE","đừng quên dành tiền cho tuần mới , có 1,9 tỷ cổ_phiếu mới sẽ chào sàn hose",1,0.004163189,0.9721205,0.023716297,1,0.95%,+,105.1,106.2,104.7,106.1,105.77,94.31,803680,VIC
4/11/2020,14:05,"VIB: 10.11.2020, ngày giao dịch đầu tiên của cp","vib : 10.11.2020 , ngày giao_dịch đầu_tiên của cp",2,0.04006327,0.15672046,0.80321634,-0.9,-0.86%,-,104.3,104.4,103,103.5,103.75,92,495340,VIC
4/11/2020,8:42,40 doanh nghiệp trong CLB lãi nghìn tỷ năm 2020 đạt 155.000 tỷ đồng lợi nhuận sau thuế trong 9 tháng,40 doanh_nghiệp trong clb lãi nghìn tỷ năm 2020 đạt 155.000 tỷ đồng lợi_nhuận sau thuế trong 9 tháng,1,0.003226098,0.9622848,0.034489118,-0.9,-0.86%,-,104.3,104.4,103,103.5,103.75,92,495340,VIC
2/11/2020,21:57,Câu lạc bộ lãi nghìn tỷ năm 2020 đã gọi tên 40 doanh nghiệp,câu_lạc_bộ lãi nghìn tỷ năm 2020 đã gọi tên 40 doanh_nghiệp,1,0.001928377,0.98809624,0.009975417,0,0.00%,0,106.5,107,105,106.5,106.22,94.67,691110,VIC
2/11/2020,18:10,"VIB sẽ lên HoSE từ 10/11, giá tham chiếu 32.300 đồng/cp","vib sẽ lên hose từ 10/11 , giá tham_chiếu 32.300 đồng / cp",2,0.024307953,0.18912175,0.78657025,0,0.00%,0,106.5,107,105,106.5,106.22,94.67,691110,VIC
2/11/2020,14:14,VIB: Quyết định của HĐQT phê duyệt giá tham chiếu cho ngày giao dịch đầu tiên trên HOSE,vib : quyết_định của hđqt phê_duyệt giá tham_chiếu cho ngày giao_dịch đầu_tiên trên hose,2,0.064952195,0.05285388,0.8821939,0,0.00%,0,106.5,107,105,106.5,106.22,94.67,691110,VIC
9/10/2020,22:30,VIB: UBCKNN công bố v/v nhận được tài liệu báo cáo phát hành CP để tăng vốn cổ phần từ nguồn vốn chủ sở hữu của VIB,vib : ubcknn công_bố v / v nhận được tài_liệu báo_cáo phát_hành cp để tăng vốn cổ_phần từ nguồn vốn chủ_sở_hữu của vib,2,0.08397778,0.061493777,0.8545284,1.3,1.41%,+,92.3,93.7,92.3,93.6,93.17,83.2,386580,VIC
9/10/2020,7:56,VIB: Vợ ông Hồ Vân Long - Phó Tổng Giám đốc đăng ký mua 3.200.000 CP,vib : vợ ông hồ_vân_long - phó tổng_giám_đốc đăng_ký mua 3.200.000 cp,0,0.9543836,0.008349079,0.037267335,1.3,1.41%,+,92.3,93.7,92.3,93.6,93.17,83.2,386580,VIC
8/10/2020,17:44,"VIB tăng 85% từ đầu năm, vợ Phó TGĐ VIBank vẫn đăng ký mua 3,2 triệu cổ phiếu","vib tăng 85% từ đầu năm , vợ phó tgđ vibank vẫn đăng_ký mua 3,2 triệu cổ_phiếu",1,0.008702192,0.7650196,0.22627829,-0.2,-0.22%,-,92,92.9,91.5,92.3,92.06,82.04,336990,VIC
7/10/2020,14:22,VIB: Nghị quyết Đại hội đồng cổ đông bất thường lần 4 năm 2020,vib : nghị_quyết đại_hội_đồng cổ_đông bất_thường lần 4 năm 2020,2,0.12033732,0.051982712,0.82768,0.7,0.76%,+,91.5,93.5,91,92.5,91.98,82.22,457520,VIC
7/10/2020,14:22,VIB: Tài liệu họp Đại hội đồng cổ đông,vib : tài_liệu họp đại_hội_đồng cổ_đông,2,0.048359368,0.055006262,0.89663434,0.7,0.76%,+,91.5,93.5,91,92.5,91.98,82.22,457520,VIC
7/10/2020,10:10,VIB chuẩn bị hủy đăng ký giao dịch trên UPCoM để niêm yết trên HoSE,vib chuẩn_bị huỷ đăng_ký giao_dịch trên upcom để niêm_yết trên hose,2,0.227835,0.049710102,0.72245497,0.7,0.76%,+,91.5,93.5,91,92.5,91.98,82.22,457520,VIC
5/10/2020,15:00,Cổ phiếu một ngân hàng tăng hơn 30% chỉ trong vòng 1 tháng,cổ_phiếu một ngân_hàng tăng hơn 30% chỉ trong vòng 1 tháng,1,0.052521594,0.4904991,0.45697927,-0.7,-0.74%,-,94,94,92,93.3,93.27,82.93,90450,VIC
10/9/2020,13:30,VIB: Nguồn nhân lực quyết định sự thành công của Chuyển đổi số,vib : nguồn nhân_lực quyết_định sự thành_công của chuyển_đổi số,2,0.041045804,0.05995546,0.8989988,0,0.00%,0,91,92.5,90.5,90.5,91.19,80.44,549560,VIC
1/9/2020,16:37,HOSE đã nhận hồ sơ đăng ký niêm yết của VIB,hose đã nhận hồ_sơ đăng_ký niêm_yết của vib,2,0.030629544,0.18036865,0.7890018,2.7,3.00%,+,90.2,94,89.9,92.7,91.98,82.4,675310,VIC
1/9/2020,13:57,HOSE: Nhận hồ sơ đăng ký niêm yết lần đầu Ngân hàng Thương mại Cổ phần Quốc tế Việt Nam,hose : nhận hồ_sơ đăng_ký niêm_yết lần đầu ngân_hàng thương_mại cổ_phần quốc_tế việt_nam,2,0.040683217,0.08347248,0.8758443,2.7,3.00%,+,90.2,94,89.9,92.7,91.98,82.4,675310,VIC
11/8/2020,10:00,"Chọn đúng thẻ tín dụng, chi tiêu cũng tạo ra thu nhập","chọn đúng thẻ_tín_dụng , chi_tiêu cũng tạo ra thu_nhập",1,0.016198851,0.49305505,0.49074608,-0.7,-0.79%,-,89.2,89.2,87.5,87.5,88.17,77.78,215330,VIC
6/8/2020,7:57,Chọn thẻ tín dụng thế nào để tối ưu lợi ích khi mua sắm trực tuyến?,chọn thẻ_tín_dụng thế_nào để tối_ưu lợi_ích khi mua_sắm trực_tuyến ?,1,0.00713274,0.8715313,0.12133595,0.5,0.57%,+,88,88.2,87.1,87.5,87.89,77.78,332340,VIC
5/8/2020,21:21,VIB: Giải trình biến động LNST Báo cáo tài chính bán niên năm 2020,vib : giải_trình biến_động lnst báo_cáo tài_chính bán niên năm 2020,2,0.052126754,0.04892375,0.89894944,-1,-1.14%,-,88,88.5,84.8,87,87.44,77.33,488500,VIC
5/8/2020,21:21,VIB: Giải trình biến động LNST Báo cáo tài chính bán niên năm 2020 (công ty mẹ),vib : giải_trình biến_động lnst báo_cáo tài_chính bán niên năm 2020 ( công_ty mẹ ),2,0.06206756,0.045870923,0.8920615,-1,-1.14%,-,88,88.5,84.8,87,87.44,77.33,488500,VIC
5/8/2020,11:00,VIB đón đầu làn sóng chuyển đổi số,vib đón_đầu làn_sóng chuyển_đổi số,1,0.025462124,0.5710702,0.40346763,-1,-1.14%,-,88,88.5,84.8,87,87.44,77.33,488500,VIC
8/7/2020,14:39,VIB: Nghị quyết HĐQT v/v Phê duyệt phương án phát hành cổ phiếu để tăng vốn điều lệ,vib : nghị_quyết hđqt v / v phê_duyệt phương_án phát_hành cổ_phiếu để tăng vốn_điều_lệ,2,0.048293747,0.062905475,0.88880074,-0.2,-0.22%,-,90.8,91.5,90.1,90.8,90.86,80.71,587370,VIC
6/7/2020,10:16,VIB: Chấp thuận về việc thay đổi địa điểm PGD Lò Đúc trực thuộc chi nhánh Hai Bà Trưng,vib : chấp_thuận về việc thay_đổi địa_điểm pgd lò_đúc trực_thuộc chi_nhánh hai_bà_trưng,1,0.016831499,0.8679173,0.115251265,1.2,1.33%,+,90.2,91.9,90.2,91.4,90.86,81.24,284020,VIC
3/7/2020,10:25,VIB: Nghị quyết Đại hội đồng cổ đông thường niên năm 2020,vib : nghị_quyết đại_hội_đồng cổ_đông thường_niên năm 2020,2,0.029039957,0.09806678,0.8728933,0.3,0.33%,+,90.9,91,89.9,90.2,90.52,80.18,258320,VIC
3/7/2020,10:11,VIB: Miễn nhiệm ông Michael John Murphy - Thành viên HĐQT từ 30/06/2020,vib : miễn_nhiệm ông michael_john_murphy - thành_viên hđqt từ 30/06/2020,0,0.534119,0.046647806,0.41923317,0.3,0.33%,+,90.9,91,89.9,90.2,90.52,80.18,258320,VIC
1/7/2020,15:13,VIB: Nghị quyết Đại hội đồng cổ đông bất thường lần 3 năm 2020,vib : nghị_quyết đại_hội_đồng cổ_đông bất_thường lần 3 năm 2020,2,0.12382028,0.05003915,0.8261405,2,2.25%,+,90.5,91.5,89,91,90.02,80.89,192060,VIC
11/6/2020,9:34,"VIB sẽ niêm yết trên HoSE trong năm nay, dự kiến lợi nhuận ít nhất 4.500 tỷ đồng","vib sẽ niêm_yết trên hose trong năm nay , dự_kiến lợi_nhuận ít_nhất 4.500 tỷ đồng",1,0.006663323,0.806709,0.18662769,-2.6,-2.72%,-,95.6,96.2,93,93,95.11,82.67,761540,VIC
5/6/2020,10:48,VIB: Chấp thuận thay đổi địa điểm Ngân hàng TMCP Quốc tết Việt Nam - Chi nhánh Cẩm Phả,vib : chấp_thuận thay_đổi địa_điểm ngân_hàng tmcp quốc tết việt_nam - chi_nhánh cẩm_phả,0,0.986413,0.004148576,0.009438467,-1,-1.04%,-,96,96.2,95,95,95.51,84.44,625870,VIC
8/5/2020,10:32,VIB: Tài liệu họp Đại hội đồng cổ đông,vib : tài_liệu họp đại_hội_đồng cổ_đông,2,0.048359368,0.055006262,0.89663434,1.5,1.56%,+,96.4,100,96.1,97.5,97.98,86.67,1928960,VIC
9/4/2020,10:21,VIB: Nghị quyết Đại hội đồng cổ đông bất thường lần 1 năm 2020,vib : nghị_quyết đại_hội_đồng cổ_đông bất_thường lần 1 năm 2020,2,0.130903,0.047473975,0.82162297,2,2.13%,+,94,97.3,93.8,96,95.24,85.33,1560610,VIC
12/3/2020,10:51,"Ngân hàng tiếp theo hành động hỗ trợ doanh nghiệp bị ảnh hưởng Covid-19: VIB công bố giảm lãi suất cho vay từ 0,5% - 1,5%","ngân_hàng tiếp_theo hành_động hỗ_trợ doanh_nghiệp bị ảnh_hưởng covid-19 : vib công_bố giảm lãi_suất cho vay từ 0,5% - 1,5%",1,0.023890039,0.52207077,0.45403922,-5.2,-5.36%,-,91,92.3,90.3,91.8,90.9,81.6,1896270,VIC
12/3/2020,9:55,"VIB: 2.3.2020, ngày GDKHQ Chốt danh sách cổ đông để tham dự họp ĐHĐCĐ thường niên năm 2020","vib : 2.3.2020 , ngày gdkhq chốt danh_sách cổ_đông để tham_dự họp đhđcđ thường_niên năm 2020",2,0.036873262,0.18310572,0.780021,-5.2,-5.36%,-,91,92.3,90.3,91.8,90.9,81.6,1896270,VIC
11/3/2020,16:50,VIB: Công bố thông tin về việc đã đăng ký khoản vay nước ngoài tại NHNN,vib : công_bố thông_tin về việc đã đăng_ký khoản vay nước_ngoài tại nhnn,2,0.044138156,0.057121918,0.8987399,-0.7,-0.72%,-,98,98,91.1,97,95.5,86.22,1049580,VIC
9/3/2020,14:23,VIB: Quyết định HĐQT v/v thay đổi ngày ĐKCC chốt danh sách cổ đông tham dự ĐHCĐ thường niên 2020,vib : quyết_định hđqt v / v thay_đổi ngày đkcc chốt danh_sách cổ_đông tham_dự đhcđ thường_niên 2020,2,0.04148435,0.124647014,0.8338686,-7.3,-6.95%,-,101.5,102,97.7,97.7,98.19,86.84,1114590,VIC
4/3/2020,8:57,"VIB: 19.3.2020, ngày GDKHQ lấy ý kiến cổ đông bằng văn bản","vib : 19.3.2020 , ngày gdkhq lấy ý_kiến cổ_đông bằng văn_bản",2,0.07233873,0.044808663,0.8828526,0,0.00%,0,104.6,105.5,103.5,105.5,105.08,93.78,468810,VIC
6/2/2020,14:06,VIB: Quyết định HĐQT v/v ngày ĐKCC chốt danh sách cổ đông tham dự họp ĐHĐCĐ năm 2020,vib : quyết_định hđqt v / v ngày đkcc chốt danh_sách cổ_đông tham_dự họp đhđcđ năm 2020,2,0.03493463,0.10238487,0.86268055,-0.1,-0.09%,-,114.5,114.7,112.8,114.4,114.01,101.69,752000,VIC
3/2/2020,11:59,VIB: Chấp thuận thay đổi địa điểm Phòng Giao dịch Phan Đăng Lưu của VIB,vib : chấp_thuận thay_đổi địa_điểm phòng giao_dịch phan_đăng_lưu của vib,0,0.60155046,0.030526163,0.36792338,0,0.00%,0,113.8,114.8,112.3,114.8,113.89,102.04,760420,VIC
6/1/2020,10:23,VIB: Công bố về việc VIB nhận được kết luận của Tổng Cục Thuế về việc thanh tra thuế,vib : công_bố về việc vib nhận được kết_luận của tổng_cục thuế về việc thanh_tra thuế,2,0.14699396,0.039314505,0.81369156,-0.8,-0.69%,-,115,115,114.4,114.5,114.74,101.78,301910,VIC
11/12/2019,13:30,Nhu cầu nâng cấp trải nghiệm bay cho khách hàng còn bị bỏ ngỏ?,nhu_cầu nâng_cấp trải_nghiệm bay cho khách_hàng còn bị bỏ_ngỏ ?,1,0.031428337,0.58195794,0.38661373,0,0.00%,0,115.9,115.9,114.5,115.9,115.22,103.02,301370,VIC
6/12/2019,10:55,VIB: Thay đổi Giấy chứng nhận đăng ký kinh doanh,vib : thay_đổi giấy chứng_nhận đăng_ký kinh_doanh,2,0.14520936,0.045686696,0.8091039,0.1,0.09%,+,116,116.3,115.4,115.9,115.83,103.02,144740,VIC
5/12/2019,10:33,VIB: Thay đổi Giấy chứng nhận đăng ký kinh doanh,vib : thay_đổi giấy chứng_nhận đăng_ký kinh_doanh,2,0.14520936,0.045686696,0.8091039,0.3,0.26%,+,116,116.1,115.5,115.8,115.92,102.93,368750,VIC
4/12/2019,10:37,VIB: Thay đổi Giấy chứng nhận đăng ký kinh doanh,vib : thay_đổi giấy chứng_nhận đăng_ký kinh_doanh,2,0.14520936,0.045686696,0.8091039,0.5,0.43%,+,114.2,115.5,114.2,115.5,115.14,102.67,239900,VIC
12/11/2019,15:30,Truyền thông quốc tế ghi nhận VIB là thương hiệu thẻ tín dụng sáng tạo nhất Việt Nam,truyền_thông quốc_tế ghi_nhận vib là thương_hiệu thẻ_tín_dụng sáng_tạo nhất việt_nam,1,0.002697091,0.98764694,0.009655919,0.5,0.42%,+,118.9,119.9,118.6,119.4,119.27,106.13,633520,VIC
6/11/2019,16:34,"VIB: 15.11.2019, ngày GDKHQ lấy ý kiến cổ đông bằng văn bản","vib : 15.11.2019 , ngày gdkhq lấy ý_kiến cổ_đông bằng văn_bản",2,0.055954512,0.050973177,0.89307237,0.4,0.33%,+,121.5,122.5,121,121.9,121.89,108.36,723800,VIC
4/11/2019,13:30,VIB thu xếp cấp tín dụng hợp vốn 780 tỷ đồng cho EVN,vib thu_xếp cấp tín_dụng hợp vốn 780 tỷ đồng cho evn,2,0.0244062,0.14674433,0.82884943,-0.8,-0.65%,-,122.5,122.5,120.7,121.7,121.68,108.18,309680,VIC
10/10/2019,17:39,VIB: VIB nhận được văn bản chấp thuận thay đổi địa điểm Phòng giao dịch Tản Đà,vib : vib nhận được văn_bản chấp_thuận thay_đổi địa_điểm phòng giao_dịch tản_đà,0,0.9716622,0.006120067,0.022217691,-0.1,-0.09%,-,117.5,117.7,116.8,116.9,117.05,103.91,973470,VIC
1/10/2019,13:30,MasterCard hợp tác ngân hàng VIB tăng bảo mật thẻ,mastercard hợp_tác ngân_hàng vib tăng bảo_mật thẻ,1,0.014625555,0.93609977,0.049274683,0.1,0.08%,+,120.5,120.9,119.7,119.9,120.14,106.58,151960,VIC
6/9/2019,10:00,VIB được ADB vinh danh là Ngân hàng hàng đầu về tài trợ thương mại cho doanh nghiệp SME,vib được adb vinh_danh là ngân_hàng hàng_đầu về tài_trợ thương_mại cho doanh_nghiệp sme,1,0.0044542,0.97779465,0.01775118,-0.9,-0.74%,-,122,123,121,121.1,121.73,107.64,280330,VIC
12/8/2019,17:27,"VIB: 14.8.2019, ngày GDKHQ trả cổ phiếu thưởng cho cổ đông hiện hữu (tỷ lệ 18%)","vib : 14.8.2019 , ngày gdkhq trả cổ_phiếu thưởng cho cổ_đông hiện_hữu ( tỷ_lệ 18% )",2,0.20327605,0.049817283,0.74690664,-0.2,-0.17%,-,120.2,121.2,120,120,120.25,106.67,811120,VIC
12/8/2019,14:42,"Điểm danh những doanh nghiệp chốt quyền nhận cổ tức bằng tiền, bằng cổ phiếu và cổ phiếu thưởng tuần này","điểm_danh những doanh_nghiệp chốt quyền nhận cổ_tức bằng tiền , bằng cổ_phiếu và cổ_phiếu thưởng tuần này",2,0.016091341,0.35070843,0.6332002,-0.2,-0.17%,-,120.2,121.2,120,120,120.25,106.67,811120,VIC
6/8/2019,8:54,Câu lạc bộ lãi nghìn tỷ đã gọi tên 31 doanh nghiệp,câu_lạc_bộ lãi nghìn tỷ đã gọi tên 31 doanh_nghiệp,1,0.002437144,0.9823646,0.015198257,1.8,1.53%,+,116,119.8,115.5,119.8,117.32,106.49,3415784,VIC
5/8/2019,15:59,VIB: Ông Hoàng Linh - Giám đốc tài chính đã mua 57.600 CP,vib : ông hoàng linh - giám_đốc tài_chính đã mua 57.600 cp,2,0.034917306,0.30514246,0.6599402,-4.5,-3.67%,-,122.1,122.1,118,118,120.12,104.89,3791680,VIC
5/8/2019,13:30,Đã có 2 chủ thẻ tín dụng VIB trúng cặp vé du lịch châu Á bằng du thuyền,đã có 2 chủ thẻ_tín_dụng vib trúng cặp vé du_lịch châu_á bằng du_thuyền,1,0.008368414,0.9012247,0.09040699,-4.5,-3.67%,-,122.1,122.1,118,118,120.12,104.89,3791680,VIC
12/7/2019,15:35,VIB: Quyết định HĐQT về việc xử lý cổ phiếu lẻ phát sinh trong đợt thưởng cổ phiếu quỹ,vib : quyết_định hđqt về việc xử_lý cổ_phiếu lẻ phát_sinh trong đợt thưởng cổ_phiếu quỹ,2,0.0466082,0.056115285,0.8972766,-0.5,-0.43%,-,116.9,117,116,116,116.4,103.11,169920,VIC
12/7/2019,7:29,VIB dẫn đầu thị trường về cho vay mua ô tô và phát hành thẻ,vib dẫn_đầu thị_trường về cho vay mua ô_tô và phát_hành thẻ,1,0.013721947,0.7012321,0.285046,-0.5,-0.43%,-,116.9,117,116,116,116.4,103.11,169920,VIC
11/7/2019,17:34,"VIB lãi trước thuế hơn 1.800 tỷ trong nửa đầu năm, nợ xấu giảm mạnh xuống còn 1,8%","vib lãi trước thuế hơn 1.800 tỷ trong nửa đầu năm , nợ xấu giảm mạnh xuống còn 1,8%",2,0.02978219,0.17000544,0.8002124,-0.3,-0.26%,-,117.3,117.5,115.6,116.5,116.25,103.56,423380,VIC
4/7/2019,10:34,Điểm nhấn 17 ngân hàng niêm yết: Nhân sự bất hòa nhưng cổ phiếu thăng hoa,điểm nhấn 17 ngân_hàng niêm_yết : nhân_sự bất_hoà nhưng cổ_phiếu thăng_hoa,1,0.004672328,0.9506068,0.04472081,1.1,0.95%,+,115,116.5,115,116.5,115.93,103.56,265260,VIC
4/7/2019,10:22,VIB là nhà tài trợ cho hội chợ oto.com.vn,vib là nhà_tài_trợ cho hội_chợ oto.com.vn,2,0.031769823,0.116157,0.85207313,1.1,0.95%,+,115,116.5,115,116.5,115.93,103.56,265260,VIC
2/7/2019,14:02,VIB: Ông Hoàng Linh - Giám đốc tài chính - đăng ký mua 100.000 CP,vib : ông hoàng linh - giám_đốc tài_chính - đăng_ký mua 100.000 cp,2,0.03341783,0.14901371,0.8175685,-1.4,-1.19%,-,117.1,117.3,115.8,115.8,116.54,102.93,323150,VIC
12/6/2019,16:32,VIB: Chấp thuận thay đổi tên và địa điểm Ngân hàng TMCP Quốc tế Việt Nam - Chi nhánh Hải Châu,vib : chấp_thuận thay_đổi tên và địa_điểm ngân_hàng tmcp quốc_tế việt_nam - chi_nhánh hải_châu,2,0.07109577,0.08251075,0.8463935,-1,-0.85%,-,117,117.5,116,116,116.89,103.11,458350,VIC
12/6/2019,16:06,VIB: Công bố về việc phát hành trái Phiếu lần 1 năm 2019,vib : công_bố về việc phát_hành trái phiếu lần 1 năm 2019,0,0.97415316,0.00488545,0.020961422,-1,-0.85%,-,117,117.5,116,116,116.89,103.11,458350,VIC
7/6/2019,15:48,VIB: Vợ ông Đặng Khắc Vỹ - Chủ tịch HĐQT đã bán 1.000.000 CP,vib : vợ ông đặng_khắc_vỹ - chủ_tịch hđqt đã bán 1.000.000 cp,0,0.9783182,0.005708265,0.015973445,1.1,0.95%,+,116.6,117,116.1,117,116.7,104,1014030,VIC
7/6/2019,15:48,VIB: Con ông Đặng Khắc Vỹ - Chủ tịch HĐQT đã bán 1.400.000 CP,vib : con ông đặng_khắc_vỹ - chủ_tịch hđqt đã bán 1.400.000 cp,0,0.9722058,0.007027241,0.02076688,1.1,0.95%,+,116.6,117,116.1,117,116.7,104,1014030,VIC
7/6/2019,15:44,VIB: Ông Hoàng Linh - Giám đốc tài chính đã mua 35.640 CP,vib : ông hoàng linh - giám_đốc tài_chính đã mua 35.640 cp,1,0.020893397,0.59503007,0.38407657,1.1,0.95%,+,116.6,117,116.1,117,116.7,104,1014030,VIC
4/6/2019,16:23,"VIB: 5.6.2019, ngày GDKHQ trả cổ tức bằng tiền mặt (567đ/cp)","vib : 5.6.2019 , ngày gdkhq trả cổ_tức bằng tiền_mặt ( 567 đ / cp )",2,0.06695549,0.06965693,0.8633876,0.1,0.09%,+,113.6,115.4,113.6,114.6,114.64,101.87,317740,VIC
3/6/2019,17:08,VIB: Bà Nguyễn Lương Thị Bích Thủy - Thành viên BKS đã mua 5.520 CP,vib : bà nguyễn_lương_thị_bích thuỷ - thành_viên bks đã mua 5.520 cp,2,0.06398858,0.077247016,0.8587644,-0.1,-0.09%,-,114,115.5,113,114.5,114.37,101.78,281510,VIC
3/6/2019,17:03,VIB: Báo cáo kết quả giao dịch cổ phiếu quỹ số 13972.19 ngày 28.05.2019 của VIB,vib : báo_cáo kết_quả giao_dịch cổ_phiếu quỹ số 13972.19 ngày 28.05.2019 của vib,2,0.041181583,0.083541624,0.8752768,-0.1,-0.09%,-,114,115.5,113,114.5,114.37,101.78,281510,VIC
3/6/2019,17:03,VIB: Nghị quyết HĐQT v/v phê duyệt phương án phát hành cổ phiếu để tăng vốn điều lệ,vib : nghị_quyết hđqt v / v phê_duyệt phương_án phát_hành cổ_phiếu để tăng vốn_điều_lệ,2,0.048293747,0.062905475,0.88880074,-0.1,-0.09%,-,114,115.5,113,114.5,114.37,101.78,281510,VIC
3/6/2019,16:53,VIB: Bà Nguyễn Thùy Linh - Trưởng Ban kiểm soát đã mua 6.170 CP,vib : bà nguyễn_thuỳ_linh - trưởng ban kiểm_soát đã mua 6.170 cp,2,0.03906172,0.14445624,0.816482,-0.1,-0.09%,-,114,115.5,113,114.5,114.37,101.78,281510,VIC
3/6/2019,8:55,"Điểm danh những doanh nghiệp chốt quyền nhận cổ tức bằng tiền, bằng cổ phiếu và cổ phiếu thưởng tuần này","điểm_danh những doanh_nghiệp chốt quyền nhận cổ_tức bằng tiền , bằng cổ_phiếu và cổ_phiếu thưởng tuần này",2,0.016091341,0.35070843,0.6332002,-0.1,-0.09%,-,114,115.5,113,114.5,114.37,101.78,281510,VIC
9/5/2019,13:30,Du lịch hè thêm thú vị với loại thẻ tín dụng miễn lãi trọn đời,du_lịch hè thêm thú_vị với loại thẻ_tín_dụng miễn lãi trọn đời,1,0.001804457,0.992818,0.005377624,0,0.00%,0,112.7,112.7,111.6,112.6,112.31,100.09,539140,VIC
8/5/2019,15:29,VIB: Ông Ân Thanh Sơn - Phó Tổng Giám đốc đăng ký mua 35.640 CP,vib : ông ân_thanh_sơn - phó tổng_giám_đốc đăng_ký mua 35.640 cp,2,0.043415867,0.07096565,0.88561845,0,0.00%,0,111.5,112.7,111.4,112.6,112.31,100.09,348500,VIC
8/5/2019,15:19,VIB: Ông Hàn Ngọc Vũ - Tổng Giám đốc đăng ký mua 42.040 CP,vib : ông hàn_ngọc_vũ - tổng_giám_đốc đăng_ký mua 42.040 cp,2,0.09521472,0.04731077,0.8574745,0,0.00%,0,111.5,112.7,111.4,112.6,112.31,100.09,348500,VIC
8/5/2019,15:19,VIB: Bà Phạm Thị Minh Huệ - Kế toán trưởng đăng ký mua 23.230 CP,vib : bà phạm_thị_minh_huệ - kế_toán_trưởng đăng_ký mua 23.230 cp,0,0.9873515,0.003892459,0.008756092,0,0.00%,0,111.5,112.7,111.4,112.6,112.31,100.09,348500,VIC
8/5/2019,15:19,VIB: Ông Hồ Vân Long - Phó Tổng Giám đốc đăng ký mua 62.050 CP,vib : ông hồ_vân_long - phó tổng_giám_đốc đăng_ký mua 62.050 cp,0,0.8970867,0.012849033,0.09006428,0,0.00%,0,111.5,112.7,111.4,112.6,112.31,100.09,348500,VIC
8/5/2019,15:18,VIB: Ông Lê Quang Trung - Phó Tổng Giám đốc đăng ký mua 140.790 CP,vib : ông lê_quang_trung - phó tổng_giám_đốc đăng_ký mua 140.790 cp,0,0.98609376,0.003966406,0.009939861,0,0.00%,0,111.5,112.7,111.4,112.6,112.31,100.09,348500,VIC
8/5/2019,15:18,VIB: Bà Vương Thị Huyền - Phó Tổng Giám đốc đăng ký mua 41.360 CP,vib : bà vương_thị_huyền - phó tổng_giám_đốc đăng_ký mua 41.360 cp,2,0.027520893,0.08456839,0.8879108,0,0.00%,0,111.5,112.7,111.4,112.6,112.31,100.09,348500,VIC
8/5/2019,15:18,VIB: Ông Hoàng Linh - Giám đốc tài chính đăng ký mua 100.000 CP,vib : ông hoàng linh - giám_đốc tài_chính đăng_ký mua 100.000 cp,2,0.042372733,0.13276015,0.82486707,0,0.00%,0,111.5,112.7,111.4,112.6,112.31,100.09,348500,VIC
8/5/2019,15:16,VIB: Bà Nguyễn Lương Thị Bích Thủy - Thành viên BKS đăng ký mua 5.520 CP,vib : bà nguyễn_lương_thị_bích thuỷ - thành_viên bks đăng_ký mua 5.520 cp,2,0.09879687,0.055384208,0.84581894,0,0.00%,0,111.5,112.7,111.4,112.6,112.31,100.09,348500,VIC
8/5/2019,15:16,VIB: Ông Trần Nhất Minh - Phó Tổng Giám đốc đăng ký mua 39.260 CP,vib : ông trần_nhất_minh - phó tổng_giám_đốc đăng_ký mua 39.260 cp,2,0.42841887,0.03426039,0.5373208,0,0.00%,0,111.5,112.7,111.4,112.6,112.31,100.09,348500,VIC
8/5/2019,15:14,VIB: Ông Đào Quang Ngọc - Thành viên BKS đăng ký mua 4.340 CP,vib : ông đào_quang_ngọc - thành_viên bks đăng_ký mua 4.340 cp,2,0.0486792,0.05418257,0.8971382,0,0.00%,0,111.5,112.7,111.4,112.6,112.31,100.09,348500,VIC
8/5/2019,15:10,VIB: Bà Nguyễn Thùy Linh - Trưởng Ban kiểm soát đăng ký mua 6.170 CP,vib : bà nguyễn_thuỳ_linh - trưởng ban kiểm_soát đăng_ký mua 6.170 cp,2,0.04505465,0.07363708,0.8813083,0,0.00%,0,111.5,112.7,111.4,112.6,112.31,100.09,348500,VIC
8/5/2019,10:38,VIB: Chấp thuận của Ngân hàng Nhà nước về phương án phân phối lợi nhuận và chia cổ tức năm 2018,vib : chấp_thuận của ngân_hàng nhà_nước về phương_án phân_phối lợi_nhuận và chia cổ_tức năm 2018,2,0.03048419,0.09601143,0.8735044,0,0.00%,0,111.5,112.7,111.4,112.6,112.31,100.09,348500,VIC
8/5/2019,8:43,Cán bộ nhân viên VIB chuẩn bị nhận thưởng lớn,cán_bộ nhân_viên vib chuẩn_bị nhận thưởng lớn,1,0.003514783,0.9315647,0.06492046,0,0.00%,0,111.5,112.7,111.4,112.6,112.31,100.09,348500,VIC
7/5/2019,14:02,Nợ xấu phình to ở nhiều ngân hàng,nợ xấu phình to ở nhiều ngân_hàng,0,0.98508865,0.004025947,0.010885458,0.4,0.36%,+,112.2,113.3,111,112.6,112.22,100.09,421350,VIC
7/5/2019,8:00,"Đại diện VIB: 'Nền tảng ngân hàng số cần tạo trải nghiệm đơn giản, nhanh chóng và bảo mật một cách toàn diện'","đại_diện vib : ' nền_tảng ngân_hàng số cần tạo trải_nghiệm đơn_giản , nhanh_chóng và bảo_mật một_cách toàn_diện '",1,0.002372395,0.9906375,0.006990165,0.4,0.36%,+,112.2,113.3,111,112.6,112.22,100.09,421350,VIC
3/5/2019,16:27,VIB: Công bố về việc Ủy ban Chứng khoán Nhà nước nhận đủ tài liệu báo cáo giao dịch cổ phiếu quỹ,vib : công_bố về việc uỷ_ban chứng_khoán nhà_nước nhận đủ tài_liệu báo_cáo giao_dịch cổ_phiếu quỹ,2,0.034577113,0.068025224,0.8973977,-1.1,-0.97%,-,113.7,113.7,112.1,112.5,112.71,100,705500,VIC
11/4/2019,17:07,VIB: Chấp thuận thay đổi địa điểm Phòng Giao dịch Lê Văn Lương,vib : chấp_thuận thay_đổi địa_điểm phòng giao_dịch lê_văn_lương,0,0.8162741,0.017275438,0.16645043,3.2,2.86%,+,111.8,115,111.8,115,113.11,102.22,350810,VIC
11/4/2019,8:00,Rút tiền mặt qua thẻ tín dụng - kênh vay tiền nhanh qua ngân hàng,rút_tiền mặt qua thẻ_tín_dụng - kênh vay tiền nhanh qua ngân_hàng,1,0.007424913,0.9140742,0.07850083,3.2,2.86%,+,111.8,115,111.8,115,113.11,102.22,350810,VIC
10/4/2019,7:10,Toàn cảnh khối nợ xấu hàng trăm nghìn tỷ đồng của các ngân hàng ở VAMC,toàn_cảnh khối nợ xấu hàng trăm nghìn tỷ đồng của các ngân_hàng ở vamc,0,0.90373087,0.015048848,0.08122034,-1.2,-1.06%,-,113,114,110.9,111.8,112.11,99.38,696000,VIC
9/4/2019,15:12,VIB: Thông báo doanh nghiệp kiểm toán đã ký hợp đồng kiểm toán BCTC kết thúc ngày 31/12/2019,vib : thông_báo doanh_nghiệp kiểm_toán đã ký hợp_đồng kiểm_toán bctc kết_thúc ngày 31/12/2019,0,0.72989494,0.027760085,0.24234493,-2.5,-2.16%,-,116,116,112.8,113,113.94,100.44,1156710,VIC
9/4/2019,8:00,VIB nhận hai giải thưởng quốc tế uy tín về ngân hàng số,vib nhận hai giải_thưởng quốc_tế uy_tín về ngân_hàng số,1,0.02594713,0.6962427,0.27781022,-2.5,-2.16%,-,116,116,112.8,113,113.94,100.44,1156710,VIC
8/4/2019,15:30,"VIB miễn toàn bộ phí rút tiền ATM và phí chuyển tiền, vô điều kiện","vib miễn toàn_bộ phí rút_tiền atm và phí chuyển tiền , vô_điều_kiện",1,0.008326616,0.9702297,0.02144362,0.4,0.35%,+,115.2,115.8,114.8,115.5,115.18,102.67,504660,VIC
4/4/2019,9:52,"Cán bộ nhân viên VIB, Techcombank, ACB chuẩn bị nhận thưởng lớn","cán_bộ nhân_viên vib , techcombank , acb chuẩn_bị nhận thưởng lớn",1,0.003243913,0.964026,0.03273014,0.2,0.17%,+,115.3,115.8,114.1,115.1,114.85,102.31,421730,VIC
3/4/2019,6:49,Các ngân hàng bất ngờ 'rụt rè' với mục tiêu lợi nhuận năm 2019,các ngân_hàng bất_ngờ ' rụt_rè ' với mục_tiêu lợi_nhuận năm 2019,2,0.035943724,0.094393976,0.86966234,-1.4,-1.20%,-,115.5,116,114.5,114.9,115.2,102.13,464270,VIC
2/4/2019,9:51,VIB: Bổ nhiệm ông Đặng Khắc Vỹ giữ chức Chủ tịch HĐQT từ 28/03/2019,vib : bổ_nhiệm ông đặng_khắc_vỹ giữ chức chủ_tịch hđqt từ 28/03/2019,0,0.5083414,0.043952163,0.44770646,-0.2,-0.17%,-,116.9,117.2,116.2,116.3,116.81,103.38,1036350,VIC
1/4/2019,10:12,VIB: Nghị quyết Đại hội đồng cổ đông thường niên năm 2019,vib : nghị_quyết đại_hội_đồng cổ_đông thường_niên năm 2019,2,0.028217634,0.10228771,0.8694947,0.6,0.52%,+,116.4,116.5,115.8,116.5,116.09,103.56,828430,VIC
12/3/2019,17:03,VIB: Tài liệu họp Đại hội đồng cổ đông,vib : tài_liệu họp đại_hội_đồng cổ_đông,2,0.048359368,0.055006262,0.89663434,0.3,0.25%,+,119,119.4,118.2,118.6,118.86,105.42,1002200,VIC
11/3/2019,8:59,"VIB đặt mục tiêu tăng 24% lợi nhuận trong năm 2019, nâng vốn điều lệ lên 10.900 tỷ","vib đặt mục_tiêu tăng 24% lợi_nhuận trong năm 2019 , nâng vốn_điều_lệ lên 10.900 tỷ",1,0.006940325,0.8635728,0.12948686,0.2,0.17%,+,117,118.3,117,118.3,118,105.16,698150,VIC
7/3/2019,16:20,VIB: Chấp thuận thay đổi địa điểm Phòng Giao dịch Thăng Long - Chi nhánh Cầu Giấy,vib : chấp_thuận thay_đổi địa_điểm phòng giao_dịch thăng_long - chi_nhánh cầu_giấy,0,0.98481005,0.004121398,0.011068579,1.5,1.27%,+,117.9,122.5,117.8,119.2,120.52,105.96,2197980,VIC
1/2/2019,15:46,VIB: Chấp thuận thay đổi địa điểm Phòng Giao dịch Tây Sơn - Chi nhánh Sở Giao dịch,vib : chấp_thuận thay_đổi địa_điểm phòng giao_dịch tây_sơn - chi_nhánh sở_giao_dịch,2,0.0581582,0.070495,0.8713468,-5.1,-4.91%,-,103.8,103.8,98.8,98.8,99.95,87.82,2152680,VIC
1/2/2019,13:00,VIB treo thưởng 1 tỷ đồng giải Hole in One cho gôn thủ tham dự Volvo World Golf Challenge 2019,vib treo thưởng 1 tỷ đồng giải hole in one cho gôn thủ tham_dự volvo_world_golf_challenge 2019,1,0.004856582,0.9799635,0.015179866,-5.1,-4.91%,-,103.8,103.8,98.8,98.8,99.95,87.82,2152680,VIC
11/1/2019,10:23,VIB: Thông báo về việc thay đổi địa chỉ Phòng Giao dịch Trần Nhân Tôn trực thuộc Chi nhánh Gò Vấp,vib : thông_báo về việc thay_đổi địa_chỉ phòng giao_dịch trần_nhân_tôn trực_thuộc chi_nhánh gò_vấp,0,0.98782015,0.003701093,0.0084788,0,0.00%,0,101,101.4,100.1,101.4,100.74,90.13,589030,VIC
11/1/2019,10:19,VIB: Thông báo về việc thay đổi địa chỉ Chi nhánh Hồ Chí Minh,vib : thông_báo về việc thay_đổi địa_chỉ chi_nhánh hồ_chí_minh,0,0.9672427,0.005310996,0.027446257,0,0.00%,0,101,101.4,100.1,101.4,100.74,90.13,589030,VIC
10/1/2019,8:00,VIB khai trương trụ sở mới chi nhánh Đồng Nai,vib khai_trương trụ_sở mới chi_nhánh đồng_nai,2,0.051247638,0.17707478,0.7716776,-0.1,-0.10%,-,101.2,101.5,100,101.4,100.82,90.13,571980,VIC
9/1/2019,9:58,VIB: Ngày chốt danh sách cổ đông để gửi Phiếu xin ý kiến về việc sửa đổi Điều lệ,vib : ngày chốt danh_sách cổ_đông để gửi phiếu xin ý_kiến về việc sửa_đổi điều_lệ,2,0.17896792,0.041538432,0.77949363,0.5,0.50%,+,101,101.9,99,101.5,100.6,90.22,659210,VIC
6/12/2018,22:02,Ngân hàng chạy đua hoàn thành kế hoạch tăng vốn cuối năm,ngân_hàng chạy_đua hoàn_thành kế_hoạch tăng vốn cuối năm,1,0.014578826,0.6025118,0.3829094,0,0.00%,0,102.1,102.2,101.1,102.1,101.93,90.76,251610,VIC
4/12/2018,8:13,"Áp dụng Basel II sớm, ngân hàng được và mất gì?","áp_dụng basel_ii sớm , ngân_hàng được và mất gì ?",1,0.02123938,0.85520774,0.12355285,0.1,0.10%,+,102.4,102.4,101.6,102,101.91,90.67,1413260,VIC
12/11/2018,15:47,"VIB: 14.11.2018, ngày GDKHQ lấy ý kiến cổ đông bằng văn bản","vib : 14.11.2018 , ngày gdkhq lấy ý_kiến cổ_đông bằng văn_bản",2,0.10255301,0.04214937,0.8552976,0,0.00%,0,95.8,96,95.5,95.9,95.8,85.24,2720990,VIC
12/11/2018,7:23,"Điểm danh những doanh nghiệp trả cổ tức bằng tiền, cổ phiếu và cổ phiếu thưởng tuần này","điểm_danh những doanh_nghiệp trả cổ_tức bằng tiền , cổ_phiếu và cổ_phiếu thưởng tuần này",1,0.013978004,0.50310284,0.4829192,0,0.00%,0,95.8,96,95.5,95.9,95.8,85.24,2720990,VIC
12/11/2018,0:00,"VIB: 16.11.2018, ngày GDKHQ trả cổ phiếu thưởng cho cổ đông hiện hữu (tỷ lệ 41,13%)","vib : 16.11.2018 , ngày gdkhq trả cổ_phiếu thưởng cho cổ_đông hiện_hữu ( tỷ_lệ 41,13% )",0,0.7420192,0.025234243,0.23274653,0,0.00%,0,95.8,96,95.5,95.9,95.8,85.24,2720990,VIC
8/11/2018,11:28,VIB: Công bố thông tin phát hành cổ phiếu để tăng vốn cổ phần từ nguồn vốn chủ sở hữu,vib : công_bố thông_tin phát_hành cổ_phiếu để tăng vốn cổ_phần từ nguồn vốn chủ_sở_hữu,2,0.050411224,0.057878233,0.8917105,0,0.00%,0,96,96.6,95.8,96,96.05,85.33,383030,VIC
8/11/2018,11:28,VIB: CBTT v/v Tài liệu báo cáo phát hành cổ phiếu để tăng vốn cổ phần từ nguồn vốn chủ sở hữu của VIB,vib : cbtt v / v tài_liệu báo_cáo phát_hành cổ_phiếu để tăng vốn cổ_phần từ nguồn vốn chủ_sở_hữu của vib,2,0.04645497,0.056497872,0.89704716,0,0.00%,0,96,96.6,95.8,96,96.05,85.33,383030,VIC
8/11/2018,8:04,VIB được chấp thuận tăng vốn điều lệ lên hơn 7.800 tỷ đồng,vib được chấp_thuận tăng vốn_điều_lệ lên hơn 7.800 tỷ đồng,2,0.040863562,0.24083018,0.71830624,0,0.00%,0,96,96.6,95.8,96,96.05,85.33,383030,VIC
7/11/2018,15:25,"Khả năng sinh lời của OCB, ACB, VIB tăng mạnh","khả_năng sinh lời của ocb , acb , vib tăng mạnh",1,0.008791466,0.8294203,0.1617882,0.2,0.21%,+,96.3,96.3,94.3,96,95.39,85.33,608180,VIC
7/11/2018,14:13,VIB: Quyết định Hội đồng quản trị về việc chốt danh sách cổ đông nhận cổ phiếu thưởng,vib : quyết_định hội_đồng_quản_trị về việc chốt danh_sách cổ_đông nhận cổ_phiếu thưởng,2,0.02868117,0.09032528,0.88099355,0.2,0.21%,+,96.3,96.3,94.3,96,95.39,85.33,608180,VIC
7/11/2018,10:27,Nguồn thu chủ yếu của các ngân hàng 9 tháng đầu năm đến từ đâu?,nguồn thu chủ_yếu của các ngân_hàng 9 tháng đầu năm đến từ đâu ?,2,0.028699094,0.09394113,0.8773598,0.2,0.21%,+,96.3,96.3,94.3,96,95.39,85.33,608180,VIC
6/11/2018,10:33,VIB: CBTT về việc thành lập Phòng Giao dịch VIB Hà Thành,vib : cbtt về việc thành_lập phòng giao_dịch vib hà_thành,2,0.034334563,0.056880735,0.9087847,-0.2,-0.21%,-,96,96.5,95.4,95.8,95.92,85.16,698210,VIC
5/11/2018,16:37,"VIB: 7.11.2018, ngày GDKHQ trả cổ tức bằng tiền mặt (498đ/cp)","vib : 7.11.2018 , ngày gdkhq trả cổ_tức bằng tiền_mặt ( 498 đ / cp )",2,0.14745975,0.05432514,0.79821515,0,0.00%,0,96,96.5,95.1,96,95.64,85.33,664130,VIC
5/11/2018,8:37,"Điểm danh những doanh nghiệp trả cổ tức bằng tiền, cổ phiếu và cổ phiếu thưởng tuần này","điểm_danh những doanh_nghiệp trả cổ_tức bằng tiền , cổ_phiếu và cổ_phiếu thưởng tuần này",1,0.013978004,0.50310284,0.4829192,0,0.00%,0,96,96.5,95.1,96,95.64,85.33,664130,VIC
2/11/2018,11:38,"Đã có 15 ngân hàng lãi nghìn tỷ, nhiều ngân hàng vượt kế hoạch lợi nhuận cả năm chỉ sau 9 tháng","đã có 15 ngân_hàng lãi nghìn tỷ , nhiều ngân_hàng vượt kế_hoạch lợi_nhuận cả năm chỉ sau 9 tháng",1,0.002511157,0.9768817,0.020607071,0.5,0.52%,+,95.6,96.7,95.5,96,95.89,85.33,1572560,VIC
2/11/2018,7:47,Lịch chốt quyền nhận cổ tức bằng tiền của 5 doanh nghiệp,lịch chốt quyền nhận cổ_tức bằng tiền của 5 doanh_nghiệp,2,0.034621786,0.1198869,0.8454913,0.5,0.52%,+,95.6,96.7,95.5,96,95.89,85.33,1572560,VIC
3/10/2018,15:08,VIB: Thông báo thay đổi Giấy phép thành lập và hoạt động,vib : thông_báo thay_đổi giấy_phép thành_lập và hoạt_động,0,0.82851,0.014808926,0.15668117,0.2,0.20%,+,103,103.9,101.8,102.2,102.98,90.84,860380,VIC
1/10/2018,13:21,VIB thu về 2.800 tỷ đồng từ phát hành trái phiếu đợt 1 năm 2018,vib thu về 2.800 tỷ đồng từ phát_hành trái_phiếu đợt 1 năm 2018,2,0.026239276,0.17916173,0.79459894,0.2,0.20%,+,99.9,102.5,98.5,98.5,100.48,87.56,1298160,VIC
7/9/2018,14:36,Các ngân hàng làm gì khi không được nới 'room' tín dụng?,các ngân_hàng làm gì khi không được nới ' room ' tín_dụng ?,0,0.96548057,0.00561598,0.028903352,-0.8,-0.82%,-,96.1,99,96.1,97.2,97.16,86.4,698830,VIC
6/9/2018,10:23,VIB: Ông Hồ Vân Long - Phó Tổng Giám đốc đã mua 14.690 CP,vib : ông hồ_vân_long - phó tổng_giám_đốc đã mua 14.690 cp,0,0.9267034,0.011579153,0.061717432,-3.5,-3.45%,-,101.1,101.5,98,98,99.97,87.11,1031000,VIC
6/9/2018,10:22,VIB: Ông Hàn Ngọc Vũ - Ủy viên HĐQT đã mua 12.740 CP,vib : ông hàn_ngọc_vũ - uỷ_viên hđqt đã mua 12.740 cp,2,0.21551703,0.0458684,0.73861456,-3.5,-3.45%,-,101.1,101.5,98,98,99.97,87.11,1031000,VIC
6/9/2018,10:21,VIB: Bà Nguyễn Lương Thị Bích Thủy - Thành viên BKS đã mua 2.500 CP,vib : bà nguyễn_lương_thị_bích thuỷ - thành_viên bks đã mua 2.500 cp,2,0.054929666,0.067670316,0.8774001,-3.5,-3.45%,-,101.1,101.5,98,98,99.97,87.11,1031000,VIC
6/9/2018,10:20,VIB: Ông Lê Quang Trung - Phó Tổng Giám đốc đã mua 59.460 CP,vib : ông lê_quang_trung - phó tổng_giám_đốc đã mua 59.460 cp,0,0.9863875,0.00393661,0.009675973,-3.5,-3.45%,-,101.1,101.5,98,98,99.97,87.11,1031000,VIC
6/9/2018,10:19,VIB: Ông Hoàng Linh - Giám đốc tài chính đã mua 7.440 CP,vib : ông hoàng linh - giám_đốc tài_chính đã mua 7.440 cp,2,0.025396511,0.32772207,0.6468814,-3.5,-3.45%,-,101.1,101.5,98,98,99.97,87.11,1031000,VIC
6/9/2018,10:17,VIB: Bà Vương Thị Huyền - Phó Tổng Giám đốc đã mua 13.620 CP,vib : bà vương_thị_huyền - phó tổng_giám_đốc đã mua 13.620 cp,2,0.031452235,0.074037395,0.8945103,-3.5,-3.45%,-,101.1,101.5,98,98,99.97,87.11,1031000,VIC
6/9/2018,10:17,VIB: Ông Trần Nhất Minh - Phó Tổng Giám đã đã mua 8.840 CP,vib : ông trần_nhất_minh - phó tổng_giám đã đã mua 8.840 cp,0,0.5880133,0.037763964,0.37422276,-3.5,-3.45%,-,101.1,101.5,98,98,99.97,87.11,1031000,VIC
4/9/2018,8:24,VIB: Bổ nhiệm bà Nguyễn Thị Thanh Tâm giữ chức Kế toán trưởng từ 01/09/2018,vib : bổ_nhiệm bà nguyễn_thị_thanh_tâm giữ chức kế_toán_trưởng từ 01/09/2018,2,0.15164098,0.05712369,0.7912353,-1.3,-1.26%,-,103.4,103.4,102,102.1,102.55,90.76,373190,VIC
10/8/2018,16:16,VIB: Ông Hoàng Linh - Giám đốc tài chính đăng ký mua 7.440 CP,vib : ông hoàng linh - giám_đốc tài_chính đăng_ký mua 7.440 cp,2,0.034596357,0.14423321,0.8211704,0,0.00%,0,104,105.8,101,104.2,102.9,92.62,1885210,VIC
10/8/2018,16:16,VIB: Ông Hoàng Linh - Giám đốc tài chính đăng ký mua 7.440 CP,vib : ông hoàng linh - giám_đốc tài_chính đăng_ký mua 7.440 cp,2,0.034596357,0.14423321,0.8211704,0,0.00%,0,104,105.8,101,104.2,102.9,92.62,1885210,VIC
10/8/2018,16:16,VIB: Ông Hồ Vân Long - Phó Tổng Giám đốc đăng ký mua 14.690 CP,vib : ông hồ_vân_long - phó tổng_giám_đốc đăng_ký mua 14.690 cp,0,0.9570278,0.007445454,0.035526827,0,0.00%,0,104,105.8,101,104.2,102.9,92.62,1885210,VIC
10/8/2018,16:14,VIB: Bà Nguyễn Lương Thị Bích Thủy - Thành viên BKS đăng ký mua 2.500 CP,vib : bà nguyễn_lương_thị_bích thuỷ - thành_viên bks đăng_ký mua 2.500 cp,2,0.060256463,0.054668326,0.88507515,0,0.00%,0,104,105.8,101,104.2,102.9,92.62,1885210,VIC
10/8/2018,16:14,VIB: Ông Trịnh Thanh Bình - Trưởng Ban kiểm soát đăng ký mua 4.230 CP,vib : ông trịnh_thanh_bình - trưởng ban kiểm_soát đăng_ký mua 4.230 cp,0,0.9789113,0.005552009,0.015536705,0,0.00%,0,104,105.8,101,104.2,102.9,92.62,1885210,VIC
10/8/2018,16:14,VIB: Bà Vương Thị Huyền - Phó Tổng Giám đốc đăng ký mua 13.620 CP,vib : bà vương_thị_huyền - phó tổng_giám_đốc đăng_ký mua 13.620 cp,2,0.03072398,0.06905417,0.9002219,0,0.00%,0,104,105.8,101,104.2,102.9,92.62,1885210,VIC
10/8/2018,16:13,VIB: Ông Hàn Ngọc Vũ - Ủy viên HĐQT đăng ký mua 12.740 CP,vib : ông hàn_ngọc_vũ - uỷ_viên hđqt đăng_ký mua 12.740 cp,2,0.3094624,0.038332783,0.65220475,0,0.00%,0,104,105.8,101,104.2,102.9,92.62,1885210,VIC
9/8/2018,15:09,VIB: CBTT  thay đổi địa điểm Phòng giao dịch Chợ Vinh,vib : cbtt thay_đổi địa_điểm phòng giao_dịch chợ vinh,2,0.4507181,0.03510097,0.51418096,-4.6,-4.23%,-,107.5,108.7,104,104.2,105.7,92.62,3119240,VIC
3/8/2018,13:26,"Cuối tháng 7, VIB đã xóa sạch nợ tại VAMC","cuối tháng 7 , vib đã xoá sạch nợ tại vamc",1,0.017266706,0.6714261,0.31130716,4.8,4.50%,+,107.2,112.7,106.8,111.5,111.49,99.11,2731090,VIC
2/8/2018,12:33,VIB: Miễn nhiệm ông Loic Faussier - Phó TGĐ từ 29/07/2018,vib : miễn_nhiệm ông loic_faussier - phó tgđ từ 29/07/2018,0,0.9389494,0.011371835,0.049678743,0.2,0.19%,+,106.5,107.4,106.2,106.7,106.78,94.84,1629230,VIC
2/8/2018,8:26,"Thêm nhiều doanh nghiệp lãi lớn, Câu lạc bộ lãi nghìn tỷ đã điền tên 30 doanh nghiệp","thêm nhiều doanh_nghiệp lãi lớn , câu_lạc_bộ lãi nghìn tỷ đã điền tên 30 doanh_nghiệp",1,0.002162876,0.9864183,0.01141879,0.2,0.19%,+,106.5,107.4,106.2,106.7,106.78,94.84,1629230,VIC
1/8/2018,21:59,"Nếu không tính các 'con', ngân hàng mẹ làm ăn thế nào 6 tháng qua?","nếu không tính các ' con ' , ngân_hàng mẹ làm_ăn thế_nào 6 tháng qua ?",2,0.035561528,0.064697586,0.8997409,0.1,0.09%,+,106.3,107.5,106.3,106.5,106.76,94.67,3342370,VIC
1/8/2018,13:22,VIB: Nghị quyết Đại hội đồng cổ đông bất thường năm 2018,vib : nghị_quyết đại_hội_đồng cổ_đông bất_thường năm 2018,2,0.062113237,0.057963137,0.87992364,0.1,0.09%,+,106.3,107.5,106.3,106.5,106.76,94.67,3342370,VIC
11/7/2018,4:55,Lợi nhuận ngân hàng quý 2 chờ…bùng nổ!,lợi_nhuận ngân_hàng quý 2 chờ … bùng_nổ !,1,0.004339195,0.9471215,0.048539326,1.5,1.46%,+,101,104.5,100,104.5,102.54,92.89,840120,VIC
10/7/2018,10:56,"VIB lãi trước thuế 1.151 tỷ trong 6 tháng đầu năm, gấp 3 lần cùng kỳ 2017","vib lãi trước thuế 1.151 tỷ trong 6 tháng đầu năm , gấp 3 lần cùng kỳ 2017",1,0.00905757,0.78853893,0.20240355,-2,-1.90%,-,105,106.5,102.5,103,103.66,91.56,795030,VIC
9/7/2018,16:13,VIB: Tài liệu lấy ý kiến cổ đông bằng văn bản về việc phát hành trái phiếu tăng vốn cấp 2,vib : tài_liệu lấy ý_kiến cổ_đông bằng văn_bản về việc phát_hành trái_phiếu tăng vốn cấp 2,2,0.07122966,0.04781237,0.880958,-1.2,-1.13%,-,106,107.3,104.5,105,105.81,93.33,701990,VIC
9/7/2018,14:31,VIB lấy ý kiến cổ đông về việc phát hành 200 triệu USD trái phiếu,vib lấy ý_kiến cổ_đông về việc phát_hành 200 triệu usd trái_phiếu,2,0.036644127,0.074392036,0.8889639,-1.2,-1.13%,-,106,107.3,104.5,105,105.81,93.33,701990,VIC
3/7/2018,17:58,VIB: Nghị quyết HĐQT phê duyệt quy định sử dụng Cổ phiếu quỹ để chia thưởng cán bộ nhân viên,vib : nghị_quyết hđqt phê_duyệt quy_định sử_dụng cổ_phiếu quỹ để chia thưởng cán_bộ nhân_viên,2,0.043747984,0.06555199,0.8907001,-7.5,-7.00%,-,106,107,99.7,99.7,101.55,88.62,3208300,VIC
12/6/2018,8:44,VIB đang thể hiện 'đẳng cấp' với nhân viên và cổ đông,vib đang thể_hiện ' đẳng_cấp ' với nhân_viên và cổ_đông,1,0.006672276,0.96605045,0.027277356,0.1,0.08%,+,120,124.6,120,124.4,122.82,91.39,4086270,VIC
7/6/2018,10:04,Tăng vốn: Thể hiện “sức khỏe” nhà băng,tăng vốn : thể_hiện “ sức_khoẻ ” nhà_băng,2,0.022818688,0.48303694,0.49414432,0.1,0.08%,+,124.9,125.4,123.2,124.2,124.63,91.24,1723360,VIC
1/6/2018,13:05,"Ồ ạt tăng vốn, thứ hạng các ngân hàng sẽ thay đổi thế nào?","ồ_ạt tăng vốn , thứ_hạng các ngân_hàng sẽ thay_đổi thế_nào ?",2,0.058307808,0.08118371,0.86050844,3,2.59%,+,115.4,120,114,119,117.34,87.42,4327700,VIC
10/5/2018,15:38,Nỗi niềm mang tên phí dịch vụ ngân hàng,nỗi_niềm mang tên phí dịch_vụ ngân_hàng,0,0.9783729,0.005720063,0.015907144,-2.4,-1.95%,-,122.8,122.8,120,120.5,121.45,88.52,9076742,VIC
7/5/2018,17:51,VIB: CBTT VIB Hà Đông khai trương tại địa điểm mới,vib : cbtt vib hà_đông khai_trương tại địa_điểm mới,2,0.03377695,0.1243129,0.8419101,0.1,0.08%,+,123.5,125,123.5,124.6,124.38,91.53,1059820,VIC
12/4/2018,7:29,2018 lại ồ ạt tăng vốn và mở rộng mạng lưới ngân hàng?,2018 lại ồ_ạt tăng vốn và mở_rộng mạng_lưới ngân_hàng ?,1,0.019985933,0.68404907,0.29596502,1,0.79%,+,124,127.8,121.4,127,125.87,93.3,4384600,VIC
10/4/2018,12:14,Hàng loạt ngân hàng hạ lãi suất tiết kiệm,hàng_loạt ngân_hàng hạ lãi_suất tiết_kiệm,0,0.919365,0.012676218,0.06795884,-3.9,-2.89%,-,135,136.8,131,131,134.18,96.24,4563970,VIC
9/4/2018,19:25,Những “điểm nóng” của mùa đại hội ngân hàng 2018,những “ điểm_nóng ” của mùa đại_hội ngân_hàng 2018,1,0.01738008,0.63858825,0.3440316,2.5,1.89%,+,135,135.5,133,134.9,134.52,99.1,3209490,VIC
9/4/2018,16:25,"Nhân sự ngân hàng: vào, ra tấp nập","nhân_sự ngân_hàng : vào , ra tấp_nập",1,0.003745074,0.962647,0.033607956,2.5,1.89%,+,135,135.5,133,134.9,134.52,99.1,3209490,VIC
6/4/2018,16:51,"Mới hết quý 1, các ngân hàng đã đua nhau báo lãi đậm","mới hết quý 1 , các ngân_hàng đã đua nhau báo lãi đậm",1,0.005887408,0.8915745,0.1025381,1.4,1.07%,+,130,132.5,129.7,132.4,131.78,97.26,1954390,VIC
5/4/2018,7:29,Đã có hàng loạt doanh nghiệp đặt mục tiêu lãi nghìn tỷ năm 2018,đã có hàng_loạt doanh_nghiệp đặt mục_tiêu lãi nghìn tỷ năm 2018,1,0.003863813,0.94378996,0.05234631,3.5,2.75%,+,132,133,129.7,131,131.11,96.24,3260050,VIC
5/4/2018,7:28,"Ngân hàng được mùa cổ tức, cổ phiếu thưởng!","ngân_hàng được_mùa cổ_tức , cổ_phiếu thưởng !",1,0.001776146,0.9820082,0.016215617,3.5,2.75%,+,132,133,129.7,131,131.11,96.24,3260050,VIC
3/4/2018,11:05,VIB: Bổ nhiệm ông Michael John Murphy giữ chức thành viên HĐQT từ 2.4.2018,vib : bổ_nhiệm ông michael_john_murphy giữ chức thành_viên hđqt từ 2.4.2018,2,0.049364544,0.06985405,0.8807814,-0.7,-0.57%,-,122.2,123,120.8,122.3,121.75,89.84,2412640,VIC
3/4/2018,11:04,VIB: Nghị quyết Đại hội đồng cổ đông thường niên năm 2018,vib : nghị_quyết đại_hội_đồng cổ_đông thường_niên năm 2018,2,0.030214865,0.089729644,0.8800555,-0.7,-0.57%,-,122.2,123,120.8,122.3,121.75,89.84,2412640,VIC
5/3/2018,16:56,Ngân hàng nào đang kiếm lãi nhiều nhất từ hoạt động dịch vụ?,ngân_hàng nào đang kiếm lãi nhiều nhất từ hoạt_động dịch_vụ ?,2,0.020065194,0.24613895,0.7337958,-0.5,-0.53%,-,95,99.6,94,94,96.92,69.05,2707990,VIC
1/3/2018,20:06,Cổ đông VIB thông qua chuyển Trụ sở ở Hà Nội vào Tp.HCM,cổ_đông vib thông_qua chuyển trụ_sở ở hà_nội vào tp. hcm,2,0.10462374,0.048591588,0.84678465,-0.9,-0.95%,-,94.4,95.8,93.3,94,94.35,69.05,1248940,VIC
1/3/2018,11:09,VIB: Nghị quyết Đại hội đồng cổ đông bất thường năm 2018,vib : nghị_quyết đại_hội_đồng cổ_đông bất_thường năm 2018,2,0.062113237,0.057963137,0.87992364,-0.9,-0.95%,-,94.4,95.8,93.3,94,94.35,69.05,1248940,VIC
12/2/2018,10:26,VIB: CBTT khai trương VIB Quận 1 - Tp. Hồ Chí Minh,vib : cbtt khai_trương vib quận 1 - tp. hồ_chí_minh,0,0.89521205,0.03534951,0.06943836,5.4,6.91%,+,79,83.6,79,83.6,81.25,61.41,1443590,VIC
9/2/2018,16:37,VIB: CBTT Tài liệu lấy ý kiến cổ đông bằng văn bản,vib : cbtt tài_liệu lấy ý_kiến cổ_đông bằng văn_bản,2,0.052560847,0.045141347,0.90229785,-0.8,-1.01%,-,76,78.6,74.5,78.2,76.6,57.45,1512070,VIC
8/2/2018,8:17,Có hơn 30 doanh nghiệp đạt lãi trên nghìn tỷ năm 2017,có hơn 30 doanh_nghiệp đạt lãi trên nghìn tỷ năm 2017,1,0.003118166,0.96529007,0.031591777,-2,-2.47%,-,80,81,79,79,79.91,58.03,1035980,VIC
6/2/2018,14:02,Techcombank vượt qua Vietcombank trở thành ngân hàng có nhân sự 'kiếm tiền giỏi nhất',techcombank vượt qua vietcombank trở_thành ngân_hàng có nhân sự ' kiếm tiền giỏi nhất ',1,0.004578372,0.96704847,0.02837308,0,0.00%,0,75.5,81.1,75.5,81.1,76.69,59.58,8514630,VIC
2/2/2018,10:26,Nhiều ngân hàng lên kế hoạch sớm Đại hội cổ đông thường niên 2018,nhiều ngân_hàng lên kế_hoạch sớm đại_hội cổ_đông thường_niên 2018,2,0.016586926,0.42430884,0.55910426,0.6,0.69%,+,86.5,88.5,86.5,87.2,87.78,64.06,4176420,VIC
8/1/2018,11:27,"VIB: Quyết định HĐQT về ngày chốt danh sách cổ đông để gửi thông báo việc đề cử, ứng cử bầu thay thế thành viên HĐQT và để triệu tập họp ĐHĐCĐ thường niên 2018","vib : quyết_định hđqt về ngày chốt danh_sách cổ_đông để gửi thông_báo việc đề_cử , ứng_cử bầu thay_thế thành_viên hđqt và để triệu_tập họp đhđcđ thường_niên 2018",2,0.09279175,0.052967135,0.85424113,0.3,0.38%,+,80,81.9,79.1,80.3,79.98,58.99,4139990,VIC
5/1/2018,18:10,VIB: Công bố chấp thuận của NHNN về đề nghị chấp thuận thay đổi địa điểm của VIB Đồng Nai,vib : công_bố chấp_thuận của nhnn về đề_nghị chấp_thuận thay_đổi địa_điểm của vib đồng_nai,2,0.04593949,0.05759584,0.89646465,-1,-1.23%,-,81,81,79,80,79.93,58.77,2825160,VIC
5/1/2018,17:43,VIB: Thông báo về việc phát hành trái phiếu của VIB,vib : thông_báo về việc phát_hành trái_phiếu của vib,0,0.5374601,0.02551658,0.43702328,-1,-1.23%,-,81,81,79,80,79.93,58.77,2825160,VIC
2/1/2018,15:29,VIB: Nghị quyết ĐHĐCĐ bất thường 2017,vib : nghị_quyết đhđcđ bất_thường 2017,0,0.98331934,0.00420477,0.01247583,0.9,1.16%,+,77.6,78.5,77.4,78.2,78.07,57.45,1585130,VIC
6/12/2017,8:37,"Người nhà “Sếp” VIB gom thành công gần 1,4 triệu cổ phiếu, trị giá khoảng 30 tỷ","người_nhà “ sếp ” vib gom thành_công gần 1,4 triệu cổ_phiếu , trị_giá khoảng 30 tỷ",2,0.02082127,0.3970194,0.5821594,0,0.00%,0,73.6,73.6,69.9,73,71.5,53.63,2710770,VIC
4/12/2017,15:43,VIB: Vợ ông Hồ Vân Long - Phó Tổng Giám đốc đã mua 1.379.370 CP,vib : vợ ông hồ_vân_long - phó tổng_giám_đốc đã mua 1.379.370 cp,0,0.97998685,0.005327481,0.014685649,1.5,2.01%,+,75.1,77.2,74.5,76.1,76.11,55.9,1746220,VIC
4/12/2017,15:42,VIB: Ông Trần Tuấn Minh - Giám đốc đã mua 100.000 CP,vib : ông trần_tuấn_minh - giám_đốc đã mua 100.000 cp,0,0.94512933,0.00877671,0.046093937,1.5,2.01%,+,75.1,77.2,74.5,76.1,76.11,55.9,1746220,VIC
4/12/2017,15:39,"VIB: 15.12.2017, ngày GDKHQ lấy ý kiến cổ đông bằng văn bản","vib : 15.12.2017 , ngày gdkhq lấy ý_kiến cổ_đông bằng văn_bản",2,0.3511583,0.034183394,0.6146583,1.5,2.01%,+,75.1,77.2,74.5,76.1,76.11,55.9,1746220,VIC
9/11/2017,17:33,VIB: Con ôngĐặng Khắc Vỹ - Chủ tịch HĐQT đã mua 27.659.249 CP,vib : con ôngđặng khắc_vỹ - chủ_tịch hđqt đã mua 27.659.249 cp,0,0.8222296,0.036286224,0.14148408,3.1,4.73%,+,67.5,70,67,68.6,68.92,50.39,1902810,VIC
9/11/2017,11:21,VIB vay 185 triệu USD từ IFC,vib vay 185 triệu usd từ ifc,2,0.123551145,0.052210163,0.82423866,3.1,4.73%,+,67.5,70,67,68.6,68.92,50.39,1902810,VIC
7/11/2017,14:29,VIB: CBTT v/v Ngân hàng Nhà nước xác nhận VIB đã đăng ký khoản vay nước ngoài tại NHNN,vib : cbtt v / v ngân_hàng nhà_nước xác_nhận vib đã đăng_ký khoản vay nước_ngoài tại nhnn,2,0.038258623,0.06867468,0.89306676,1.5,2.48%,+,60.8,62.5,60.3,62,61.83,45.55,1645400,VIC
3/11/2017,16:19,Lương của nhân viên ngân hàng nhỏ chưa bằng một nửa nhà băng lớn,lương của nhân_viên ngân_hàng nhỏ chưa bằng một_nửa nhà_băng lớn,0,0.73568016,0.023959428,0.24036036,0.2,0.33%,+,59.9,60.6,59,60.2,60.02,44.22,1257960,VIC
3/11/2017,10:35,"Vợ một sếp lớn VIB dự chi hơn 30 tỷ để mua 1,4 triệu cổ phiếu ngân hàng","vợ một sếp lớn vib dự_chi hơn 30 tỷ để mua 1,4 triệu cổ_phiếu ngân_hàng",2,0.027851248,0.11831343,0.85383534,0.2,0.33%,+,59.9,60.6,59,60.2,60.02,44.22,1257960,VIC
2/11/2017,15:44,VIB: Vợ ông Hồ Vân Long - Phó Tổng Giám đốc đăng ký mua 1.400.000 CP,vib : vợ ông hồ_vân_long - phó tổng_giám_đốc đăng_ký mua 1.400.000 cp,0,0.75375575,0.024595264,0.22164892,1.4,2.39%,+,58.6,60,58.5,60,59.1,44.08,1991537,VIC
1/11/2017,14:45,VIB: Thông báo về việc khai trương phòng giao dịch mới VIB Dĩ An,vib : thông_báo về việc khai_trương phòng giao_dịch mới vib dĩ_an,2,0.024781775,0.16068898,0.8145292,0.1,0.17%,+,58.6,58.8,58.2,58.6,58.51,43.05,2038327,VIC
11/10/2017,17:42,"Qua giai đoạn khó khăn, “thế hệ F2” của các ông chủ nhà băng lại đua nhau nhảy vào ngân hàng","qua giai_đoạn khó_khăn , “ thế_hệ f 2 ” của các ông chủ nhà_băng lại đua nhau nhảy vào ngân_hàng",2,0.033921584,0.17364292,0.79243547,2.7,5.17%,+,52.2,54.9,52.2,54.9,53.76,40.33,2087412,VIC
10/10/2017,7:00,Các cổ phiếu ngân hàng chào sàn 2017 đã biến động thế nào?,các cổ_phiếu ngân_hàng chào sàn 2017 đã biến_động thế_nào ?,2,0.024471475,0.11548833,0.8600401,0.2,0.38%,+,51.5,52.2,50.7,52.2,51.13,38.35,2078892,VIC
6/10/2017,17:43,VIB: Nghị quyết Đại hội đồng cổ đông bất thường năm 2017,vib : nghị_quyết đại_hội_đồng cổ_đông bất_thường năm 2017,2,0.07061852,0.055645775,0.8737357,-0.1,-0.19%,-,52.7,52.9,52.3,52.6,52.62,38.64,1513142,VIC
6/10/2017,14:41,Giao dịch của Lãnh đạo Doanh nghiệp: Khi lãnh đạo quyết liệt ra tay,giao_dịch của lãnh_đạo doanh_nghiệp : khi lãnh_đạo quyết_liệt ra_tay,2,0.044481836,0.0633074,0.89221084,-0.1,-0.19%,-,52.7,52.9,52.3,52.6,52.62,38.64,1513142,VIC
5/10/2017,17:06,VIB: Bố vợ ông Đặng Khắc Vỹ - chủ tịch HĐQT đã bán 27.939.880 cp,vib : bố vợ ông đặng_khắc_vỹ - chủ_tịch hđqt đã bán 27.939.880 cp,0,0.94456637,0.009640289,0.045793258,0.7,1.35%,+,52.1,53.2,52,52.7,52.47,38.71,1906552,VIC
5/10/2017,15:40,VIB: Vợ ông Đặng Khắc Vỹ -  Chủ tịch HĐQT đã mua 27.939.880 CP,vib : vợ ông đặng_khắc_vỹ - chủ_tịch hđqt đã mua 27.939.880 cp,0,0.9365018,0.015845293,0.047652986,0.7,1.35%,+,52.1,53.2,52,52.7,52.47,38.71,1906552,VIC
5/10/2017,15:39,VIB: Con ông Đặng Khắc Vỹ - Chủ tịch HĐQT đăng ký mua 28.100.000 CP,vib : con ông đặng_khắc_vỹ - chủ_tịch hđqt đăng_ký mua 28.100.000 cp,0,0.96369505,0.008528937,0.027775975,0.7,1.35%,+,52.1,53.2,52,52.7,52.47,38.71,1906552,VIC
8/9/2017,9:41,CEO VIB Hàn Ngọc Vũ: “Nới room tín dụng là cơ hội để ngân hàng khai thác tốt hơn tiềm năng của mình”,ceo vib hàn_ngọc_vũ : “ nới room tín_dụng là cơ_hội để ngân_hàng khai_thác tốt hơn tiềm_năng của mình ”,2,0.089882106,0.06176673,0.8483511,0.65,1.30%,+,50,51.3,49.35,50.6,50.45,37.17,1743650,VIC
7/9/2017,15:20,"VIB: 13.9.2017, ngày GDKHQ lấy ý kiến cổ đông bằng văn bản","vib : 13.9.2017 , ngày gdkhq lấy ý_kiến cổ_đông bằng văn_bản",0,0.858896,0.013966795,0.12713721,-0.05,-0.10%,-,50,50,49.4,49.95,49.75,36.69,535460,VIC
6/9/2017,12:02,VIB: Trích Nghị quyết HĐQT v/v trình ĐHĐCĐ phê duyệt hủy Phương án tăng vốn điều lệ năm 2017 và thông qua Phương án mua cổ phiếu quỹ,vib : trích_nghị quyết hđqt v / v trình đhđcđ phê_duyệt huỷ phương_án tăng vốn_điều_lệ năm 2017 và thông_qua phương_án mua cổ_phiếu quỹ,0,0.8930772,0.014738775,0.092184044,-0.2,-0.40%,-,50.2,50.2,49,50,49.77,36.73,1255330,VIC
6/9/2017,9:54,VIB: Thông báo khai trương Chi nhánh VIB Tôn Đức Thắng - TP Hồ Chí Minh,vib : thông_báo khai_trương chi_nhánh vib tôn_đức_thắng - tp hồ chí_minh,1,0.00316941,0.98972917,0.007101352,-0.2,-0.40%,-,50.2,50.2,49,50,49.77,36.73,1255330,VIC
5/9/2017,15:16,Ngân hàng đua nhau mua cổ phiếu quỹ hay chỉ là...bất đắc dĩ?,ngân_hàng đua nhau mua cổ_phiếu quỹ hay chỉ là ... bất_đắc_dĩ ?,2,0.20754151,0.037345264,0.75511324,0.8,1.62%,+,49.9,50.3,49.6,50.2,50.03,36.88,1304630,VIC
7/8/2017,16:29,VIB: Ông Loic Michel Marc Faussier - Phó Tổng Giám đốc đã mua 343.950 CP,vib : ông loic_michel_marc_faussier - phó tổng_giám_đốc đã mua 343.950 cp,2,0.034492772,0.102396585,0.86311066,-0.05,-0.11%,-,44.55,44.6,44.3,44.5,44.48,32.69,3781458,VIC
4/8/2017,15:04,"VIB: Quyết định v/v Sửa đổi, bổ sung Giấy phép của Ngân hàng thương mại cổ phần Quốc tế Việt Nam","vib : quyết_định v / v sửa_đổi , bổ_sung giấy_phép của ngân_hàng thương_mại cổ_phần quốc_tế việt_nam",0,0.57017076,0.032501303,0.39732787,0.15,0.34%,+,44.6,44.9,44.4,44.55,44.61,32.73,3875068,VIC
3/8/2017,14:13,VIB: Ông Hoàng Linh - Quyền Giám đốc Tài chính đã mua 4.000 cp,vib : ông hoàng linh - quyền giám_đốc tài_chính đã mua 4.000 cp,2,0.036476497,0.24750806,0.71601546,0,0.00%,0,44.2,44.8,44,44.4,44.51,32.62,641760,VIC
1/8/2017,10:21,BVSC dự báo VIB sẽ lãi ròng gần 700 tỷ đồng trong năm nay,bvsc dự_báo vib sẽ lãi_ròng gần 700 tỷ đồng trong năm nay,1,0.009101204,0.73520505,0.25569373,-0.1,-0.22%,-,44.5,44.5,44,44.4,44.33,32.62,564480,VIC
6/7/2017,8:51,Sếp ngoại của VIB liên tục gom cổ phiếu,sếp ngoại của vib liên_tục gom cổ_phiếu,1,0.015677484,0.613303,0.37101942,0.4,0.95%,+,42.5,42.5,42,42.4,42.27,31.15,1747530,VIC
5/7/2017,15:56,VIB: Ông Loic Michel Marc Faussier - Phó Tổng Giám đốc đăng ký mua 700.000 CP,vib : ông loic_michel_marc_faussier - phó tổng_giám_đốc đăng_ký mua 700.000 cp,2,0.0420962,0.076650925,0.8812528,0,0.00%,0,42.3,42.4,41.65,42,41.87,30.85,1916780,VIC
3/7/2017,16:06,VIB thâu tóm chi nhánh ngân hàng nước ngoài hay là bước đi chiến lược?,vib thâu_tóm chi_nhánh ngân_hàng nước_ngoài hay là bước_đi chiến_lược ?,2,0.23334098,0.03931225,0.7273468,-0.4,-0.94%,-,42.7,42.7,42.2,42.3,42.33,31.07,537620,VIC
7/6/2017,15:54,VIB: Vợ ông Hồ Vân Long - Phó Tổng Giám đốc đã mua 8.000 CP,vib : vợ ông hồ_vân_long - phó tổng_giám_đốc đã mua 8.000 cp,0,0.914533,0.014845963,0.070621036,0.35,0.86%,+,40.65,41,40.65,41,40.82,30.12,17758641,VIC
11/5/2017,7:55,10 ngân hàng giữ hơn 50.000 tỷ đồng nợ xấu,10 ngân_hàng giữ hơn 50.000 tỷ đồng nợ xấu,0,0.5352367,0.051170383,0.41359288,0.05,0.12%,+,40.5,40.85,40.45,40.5,40.59,29.75,861350,VIC
10/5/2017,15:44,VIB: Vợ ông Hồ Vân Long - Phó Tổng Giám đốc đăng ký mua 200.000 CP,vib : vợ ông hồ_vân_long - phó tổng_giám_đốc đăng_ký mua 200.000 cp,0,0.94778395,0.009041398,0.043174654,-0.3,-0.74%,-,40.55,40.8,40.4,40.45,40.6,29.72,722530,VIC
3/5/2017,16:30,"Hơn 32.000 tỷ đồng vốn điều lệ được bơm thêm, hệ thống ngân hàng sẽ chứng kiến những 'sao đổi ngôi'","hơn 32.000 tỷ đồng_vốn điều_lệ được bơm thêm , hệ_thống ngân_hàng sẽ chứng_kiến những ' sao_đổi_ngôi '",1,0.007087209,0.97506034,0.017852468,-0.4,-0.98%,-,41.1,41.1,40.3,40.5,40.55,29.75,330500,VIC
3/5/2017,14:30,VIB: Nghị quyết Đại hội đồng cổ đông thường niên năm 2017,vib : nghị_quyết đại_hội_đồng cổ_đông thường_niên năm 2017,2,0.029145738,0.09480276,0.8760515,-0.4,-0.98%,-,41.1,41.1,40.3,40.5,40.55,29.75,330500,VIC
12/4/2017,13:13,"VIB dự kiến chia cổ tức và cổ phiếu thưởng tỷ lệ 44,6%, phát hành cổ phiếu thưởng cho nhân viên","vib dự_kiến chia cổ_tức và cổ_phiếu thưởng tỷ_lệ 44,6% , phát_hành cổ_phiếu thưởng cho nhân_viên",1,0.011638857,0.6534863,0.33487475,-0.5,-1.18%,-,42.55,42.9,42,42.05,42.49,30.89,660120,VIC
10/3/2017,7:34,Các sếp ngân hàng mạnh tay gom cổ phiếu,các sếp ngân_hàng mạnh_tay gom cổ_phiếu,1,0.007280793,0.7922099,0.20050935,0,0.00%,0,44.05,44.7,44,44.2,44.23,32.47,841330,VIC
2/3/2017,8:22,"Tiền rủng rỉnh, ngân hàng đẩy mạnh đầu tư","tiền rủng_rỉnh , ngân_hàng đẩy_mạnh đầu_tư",1,0.005033235,0.90953225,0.0854345,-0.6,-1.34%,-,44.6,44.95,44,44.1,44.43,32.4,794680,VIC
1/3/2017,14:05,"Phó Tổng Giám đốc Ngân hàng VIB muốn mua thêm 1,1 triệu cổ phiếu VIB","phó tổng_giám_đốc ngân_hàng vib muốn mua thêm 1,1 triệu cổ_phiếu vib",2,0.025609834,0.3067212,0.667669,-0.3,-0.67%,-,44.7,45.35,44.3,44.7,44.82,32.84,651080,VIC
1/3/2017,9:21,VIB: Ông Loic Michel Marc Faussier - Phó Tổng Giám đốc đăng ký mua 1.100.000 CP,vib : ông loic_michel_marc_faussier - phó tổng_giám_đốc đăng_ký mua 1.100.000 cp,2,0.041367844,0.08284393,0.8757882,-0.3,-0.67%,-,44.7,45.35,44.3,44.7,44.82,32.84,651080,VIC
10/2/2017,16:57,"Không chỉ liên quan thanh khoản, còn lý do khác thúc đẩy các ngân hàng tăng vay mượn trên liên ngân hàng","không_chỉ liên_quan thanh khoản , còn lý_do khác thúc_đẩy các ngân_hàng tăng vay_mượn trên liên ngân_hàng",2,0.030829195,0.18464929,0.7845215,-0.15,-0.35%,-,42.6,42.75,42.05,42.5,42.39,31.22,834560,VIC
2/2/2017,14:29,"Ngân hàng VIB tăng trưởng cho vay 26%, nợ xấu bán VAMC giảm 30%","ngân_hàng vib tăng_trưởng cho vay 26% , nợ xấu bán vamc giảm 30%",2,0.2146991,0.05314757,0.73215336,0.5,1.19%,+,42.3,42.85,42.3,42.5,42.53,31.22,390520,VIC
9/1/2017,16:44,Cổ phiếu VIB giá 17.000 đồng đắt hay rẻ?,cổ_phiếu vib giá 17.000 đồng đắt hay rẻ ?,2,0.045646276,0.050637737,0.90371597,0.1,0.23%,+,43.3,43.5,43.2,43.2,43.38,31.74,459010,VIC
9/1/2017,12:02,Tại sao Habeco chọn lên UpCOM trước khi niêm yết trên HoSE?,tại_sao habeco chọn lên upcom trước khi niêm_yết trên hose ?,2,0.36823562,0.035732936,0.5960315,0.1,0.23%,+,43.3,43.5,43.2,43.2,43.38,31.74,459010,VIC
9/1/2017,11:22,"Ngày 9/1, sàn UpCOM đón thêm 6 mã cổ phiếu với tổng vốn hóa 12.200 tỷ đồng","ngày 9/1 , sàn upcom đón thêm 6 mã cổ_phiếu với tổng vốn hoá 12.200 tỷ đồng",1,0.006693962,0.87596714,0.117338926,0.1,0.23%,+,43.3,43.5,43.2,43.2,43.38,31.74,459010,VIC
9/1/2017,8:36,"Cổ phiếu VIB chính thức chào sàn, giá tham chiếu 17.000 đồng/cổ phiếu","cổ_phiếu vib chính_thức chào sàn , giá tham_chiếu 17.000 đồng / cổ_phiếu",2,0.026695063,0.1720416,0.80126333,0.1,0.23%,+,43.3,43.5,43.2,43.2,43.38,31.74,459010,VIC
9/1/2017,7:27,"VIB Bank lên sàn với giá cao hơn cổ phiếu của Vietinbank và BIDV, “điều kỳ diệu” gì sẽ được tạo ra?","vib bank lên sàn với giá cao hơn cổ_phiếu của vietinbank và bidv , “ điều kỳ_diệu ” gì sẽ được tạo ra ?",1,0.010636878,0.94372743,0.045635775,0.1,0.23%,+,43.3,43.5,43.2,43.2,43.38,31.74,459010,VIC
9/1/2017,7:05,VIB hôm nay lên sàn,vib hôm_nay lên sàn,2,0.04177638,0.07354817,0.8846755,0.1,0.23%,+,43.3,43.5,43.2,43.2,43.38,31.74,459010,VIC
3/1/2017,7:00,Đừng quên mất những cổ phiếu này khi bước vào tuần giao dịch đầu tiên của TTCK 2017,đừng quên mất những cổ_phiếu này khi bước vào tuần giao_dịch đầu_tiên của ttck 2017,1,0.006215177,0.9615446,0.032240234,-0.4,-0.95%,-,42,42,41.6,41.6,41.72,30.56,321500,VIC
12/12/2016,15:40,Ngân hàng VIB được cấp mã chứng khoán VIB,ngân_hàng vib được cấp mã chứng_khoán vib,2,0.04917978,0.047605556,0.9032147,0,0.00%,0,41.6,42,41.3,42,41.77,30.85,756230,VIC
9/12/2016,9:50,VIB: Cấp giấy chứng nhận đăng ký chứng khoán lần đầu,vib : cấp giấy chứng_nhận đăng_ký chứng_khoán lần đầu,2,0.16487175,0.043155987,0.7919722,0,0.00%,0,42,42,41.2,42,41.74,30.85,705920,VIC
9/11/2016,7:13,VIB hoàn thành tăng vốn điều lệ lên 5.644 tỷ đồng,vib hoàn_thành tăng vốn_điều_lệ lên 5.644 tỷ đồng,2,0.03881074,0.14714319,0.8140461,-0.3,-0.70%,-,42.9,42.9,42,42.5,42.53,31.22,846210,VIC
12/10/2016,9:41,VIB: Ông Hoàng Linh làm Quyền GĐ Ban Dịch vụ Tài chính,vib : ông hoàng linh làm quyền gđ ban dịch_vụ tài_chính,2,0.3261886,0.04974552,0.6240658,0.1,0.24%,+,42.1,42.8,42.1,42.2,42.44,31,365010,VIC
9/8/2016,13:46,Lương thưởng ngân hàng: Niềm vui lớn của nhân viên VietinBank và cú sốc của 'VPBanker',lương thưởng ngân_hàng : niềm vui lớn của nhân_viên vietinbank và cú sốc của ' vpbanker ',1,0.004235964,0.97252345,0.023240522,0.8,1.79%,+,44.5,45.8,44.5,45.5,45.24,27.29,827360,VIC
4/8/2016,13:00,"Lợi nhuận ngân hàng quý II: Kẻ cười, người khóc","lợi_nhuận ngân_hàng quý ii : kẻ cười , người khóc",2,0.12760034,0.099453054,0.7729466,-1.8,-3.65%,-,49.5,49.6,47.5,47.5,48.48,28.49,1293330,VIC
8/6/2016,9:00,"Lãi suất ngân hàng: Trống đánh xuôi, kèn thổi ngược","lãi_suất ngân_hàng : trống đánh xuôi , kèn thổi ngược",0,0.9851946,0.003851376,0.010954068,0,0.00%,0,54.5,56,54,54.5,54.95,29.44,1214310,VIC
6/5/2016,10:14,"Quý I, ngân hàng VIB giảm lãi 7,5% so với cùng kỳ","quý i , ngân_hàng vib giảm lãi 7,5% so với cùng kỳ",2,0.0604753,0.07671704,0.8628077,1,1.94%,+,52,52.5,52,52.5,52.16,28.36,906360,VIC
4/2/2016,11:49,VIB tăng trưởng tín dụng 25% trong năm 2015,vib tăng_trưởng tín_dụng 25% trong năm 2015,1,0.013466196,0.5297341,0.4567997,0,0.00%,0,47,47.5,47,47,47.13,25.39,1832620,VIC
9/12/2015,0:00,"VIB: 11/12, chốt DS thưởng cổ phiếu tỷ lệ 100:14","vib : 11/12 , chốt ds thưởng cổ_phiếu tỷ_lệ 1 00:1 4",2,0.035081524,0.24972989,0.71518856,-0.6,-1.42%,-,42.4,43.4,41.8,41.8,42.31,22.58,1626520,VIC
7/12/2015,14:14,VIB sắp tăng vốn lên 4.845 tỷ đồng,vib sắp tăng vốn lên 4.845 tỷ đồng,2,0.026089594,0.4501015,0.5238089,0,0.00%,0,42.4,42.4,42,42.3,42.22,22.85,974567,VIC
12/5/2015,17:58,Quý I/2015: VIB đạt 139 tỷ đồng lợi nhuận trước thuế,quý i / 2015 : vib đạt 139 tỷ đồng lợi_nhuận trước thuế,2,0.017871313,0.44597328,0.5361554,-0.5,-1.04%,-,48.2,48.2,47,47.5,47.56,20.4,1446210,VIC
6/11/2014,17:35,"VIB: 9 tháng lãi trước thuế 234 tỷ, gấp 9 lần cùng kỳ năm trước","vib : 9 tháng lãi trước thuế 234 tỷ , gấp 9 lần cùng kỳ năm trước",1,0.012355179,0.66182894,0.32581586,-0.4,-0.82%,-,48.6,48.6,48,48.1,48.1,20.66,747280,VIC
3/9/2014,17:03,"Hệ thống chi nhánh, phòng giao dịch của các ngân hàng Việt lớn thế nào?","hệ_thống chi_nhánh , phòng giao_dịch của các ngân_hàng việt lớn thế_nào ?",2,0.026641658,0.105107956,0.86825037,-0.5,-0.85%,-,58.5,59,57.5,58,58,24.91,7152460,VIC
4/4/2014,15:15,"Ngân hàng Quốc Tế (VIB) tuyển dụng từ chuyên viên, quản lý tới giám đốc","ngân_hàng quốc_tế ( vib ) tuyển_dụng từ chuyên_viên , quản_lý tới giám_đốc",2,0.095229134,0.05960246,0.84516835,0,0.00%,0,73.5,74,73,73.5,73.5,20.64,825720,VIC
4/9/2013,8:30,"Thu nhập ngành ngân hàng 6 tháng đầu năm: Người cười nụ, kẻ khóc thầm","thu_nhập ngành ngân_hàng 6 tháng đầu năm : người cười_nụ , kẻ khóc thầm",0,0.8133184,0.027422609,0.15925908,0,0.00%,0,61.5,62.5,61,62,62,17.41,363360,VIC
7/6/2013,18:57,VIB được chuyển trụ sở chính về tòa nhà CornerStone,vib được chuyển trụ_sở chính về toà nhà cornerstone,2,0.04618011,0.05989059,0.89392936,1,1.46%,+,68.5,69.5,68,69.5,69.5,19.51,906520,VIC
3/6/2013,12:22,VIB chính thức công bố Tổng giám đốc mới,vib chính_thức công_bố tổng_giám_đốc mới,2,0.040202457,0.10457541,0.85522217,1,1.47%,+,68,70,67,69,69,19.37,183400,VIC
12/3/2013,16:02,Nguyên Tổng giám đốc VIB về làm lãnh đạo tại Maritime Bank,nguyên tổng_giám_đốc vib về làm lãnh_đạo tại maritime_bank,2,0.03790594,0.06356064,0.8985334,-2.5,-3.79%,-,65,65.5,63.5,63.5,63.5,17.83,169070,VIC
12/3/2013,10:20,“Sóng ngầm” thay đổi nhân sự cao cấp ngân hàng,“ sóng_ngầm ” thay_đổi nhân_sự cao_cấp ngân_hàng,2,0.21202472,0.09981878,0.68815655,-2.5,-3.79%,-,65,65.5,63.5,63.5,63.5,17.83,169070,VIC
7/3/2013,12:11,VIB lãi hợp nhất 542 tỷ đồng trong năm 2012,vib lãi hợp_nhất 542 tỷ đồng trong năm 2012,1,0.011970947,0.67524487,0.31278422,-1.5,-2.27%,-,66,66,64.5,64.5,64.5,18.11,283370,VIC
3/12/2012,7:03,Vay tiền mua nhà: Thận trọng khi ngân hàng 'đại hạ giá' cuối năm,vay tiền mua nhà : thận_trọng khi ngân_hàng ' đại hạ giá ' cuối năm,0,0.8390036,0.026355045,0.13464133,0,0.00%,0,73.5,74,73,73.5,73.5,15.57,120380,VIC
10/9/2012,9:15,CBA nói gì về chiến lược thận trọng của VIB?,cba nói gì về chiến_lược thận_trọng của vib ?,2,0.385682,0.031515043,0.58280295,-0.5,-0.69%,-,73,73,71,71.5,71.5,15.15,68830,VIC
7/8/2012,8:54,Bắt giam nguyên giám đốc ngân hàng VIB chi nhánh Huế,bắt giam nguyên giám_đốc ngân_hàng vib chi_nhánh huế,0,0.9188194,0.010196888,0.07098368,0.5,0.64%,+,79,79.5,78,79,79,16.74,165390,VIC
4/7/2012,9:15,"VIBank cho vay mua, xây, sửa nhà lãi suất chỉ từ 9.9%/năm","vibank cho vay mua , xây , sửa nhà lãi_suất chỉ từ 9.9% / năm",1,0.019350512,0.88784593,0.09280359,0,0.00%,0,81,81.5,80.5,81,81,17.16,75960,VIC
3/7/2012,8:16,"VIB cho vay mua bất động sản lãi suất từ 9,9%","vib cho vay mua bất_động_sản lãi_suất từ 9,9%",2,0.03225363,0.18760657,0.7801398,-1,-1.22%,-,81.5,82,80.5,81,81,17.16,83890,VIC
7/6/2012,15:31,VIB đăng ký thoái toàn bộ vốn tại PTI,vib đăng_ký thoái toàn_bộ vốn tại pti,0,0.5716873,0.03881176,0.38950092,1,1.20%,+,85.5,85.5,83.5,84,84,17.8,103390,VIC
4/6/2012,9:02,VIB ưu đãi lãi suất 14% cho doanh nghiệp thực phẩm và đồ uống,vib ưu_đãi lãi_suất 14% cho doanh_nghiệp thực_phẩm và đồ uống,2,0.02883024,0.35794228,0.6132274,-22,-21.36%,-,84,84,80,81,81,17.16,85690,VIC
12/4/2012,16:00,VIB: 2011 trích lập dự phòng rủi ro tín dụng tăng gấp 3 lần năm trước,vib : 2011 trích_lập dự_phòng rủi_ro tín_dụng tăng gấp 3 lần năm trước,2,0.054919854,0.092657566,0.8524226,1,1.06%,+,95.5,97,94.5,95.5,95.5,15.87,429800,VIC
12/4/2012,13:38,VIB: 2011 trích lập dự phòng rủi ro tín dụng tăng gấp 3 lần năm trước,vib : 2011 trích_lập dự_phòng rủi_ro tín_dụng tăng gấp 3 lần năm trước,2,0.054919854,0.092657566,0.8524226,1,1.06%,+,95.5,97,94.5,95.5,95.5,15.87,429800,VIC
8/3/2012,17:15,VIB giảm lãi vay cho doanh nghiệp thực phẩm- đồ uống,vib giảm lãi vay cho doanh_nghiệp thực_phẩm - đồ uống,2,0.03509176,0.11046839,0.8544399,-1,-0.94%,-,104,109,104,105,105,17.45,244220,VIC
6/3/2012,10:25,IFC tăng hạn mức tài trợ cho VIB lên 50 triệu USD,ifc tăng hạn_mức tài_trợ cho vib lên 50 triệu usd,2,0.064536974,0.094317116,0.84114593,-3,-2.73%,-,115,115,107,107,107,17.78,66240,VIC
